episode,step,robot_x,robot_y,robot_yaw,goal_x,goal_y,distance_to_goal,linear_vel,angular_vel,norm_action_linear,norm_action_angular,min_lidar,is_near_obstacle,progress_reward,clearance_reward,turning_penalty,inflation_penalty,sector_00,sector_01,sector_02,sector_03,sector_04,sector_05,sector_06,sector_07,sector_08,sector_09,sector_10,sector_11,sector_12,sector_13,sector_14,sector_15,sector_16,sector_17,sector_18,sector_19,sector_20,sector_21,sector_22,sector_23,sector_24,sector_25,sector_26,sector_27,sector_28,sector_29,sector_30,sector_31,sector_32,sector_33,sector_34,sector_35
10,204,3.007008802447855,2.1805199489830893,1.5905,3.6714322566986084,7.012646198272705,4.8776,0.187703,-0.154346,0.482556,-0.054347,0.3634,False,0.306509,-0.089882,-0.001191,0.0,10.5014,5.6474,5.8972,1.9677,1.9433,5.6446,5.2062,4.9719,4.9009,1.6741,0.8638,0.5943,0.4637,0.39,0.3634,0.4204,5.3743,5.3008,4.9108,2.5588,1.7666,1.3812,1.1629,1.0314,0.9868,4.9643,4.92,3.7475,1.9714,1.665,1.6817,1.6351,1.9412,4.3067,10.6327,5.5994
10,205,3.0061122681901953,2.201270872080923,1.5873,3.6714322566986084,7.012646198272705,4.8572,0.258706,0.060104,0.74075,0.021163,0.3457,False,0.309763,-0.088406,-0.000181,0.0,5.6206,5.6598,5.904,1.9821,1.9575,5.6651,5.2176,4.9763,4.8994,1.619,0.8192,0.5597,0.4352,0.3651,0.3457,0.4122,5.3591,5.2797,5.1021,2.6095,1.7897,1.3943,1.1712,1.037,0.9836,4.9713,4.9169,4.0011,2.0671,1.6754,1.7272,1.6537,1.9271,4.3415,10.6657,5.6205
10,206,3.0052481115355367,2.222239216654003,1.5832,3.6714322566986084,7.012646198272705,4.8365,0.136355,-0.172822,0.295837,-0.060853,0.3321,False,0.287606,-0.068036,-0.001493,0.0,10.5422,5.6691,5.9451,1.9866,1.9737,5.6393,5.2036,4.9713,4.902,1.4333,0.7437,0.5127,0.4005,0.337,0.3321,0.4242,5.3315,5.2603,4.8524,2.5421,1.7585,1.3763,1.1596,1.029,0.97,1.1537,4.9181,3.9224,2.0743,1.68,1.7394,1.664,1.9445,4.3473,10.6702,5.6398
10,207,3.0060172518824686,2.2414909027738963,1.5906,3.6714322566986084,7.012646198272705,4.8173,0.231049,0.02566,0.640178,0.009035,0.3169,True,0.282078,-0.076081,-3.3e-05,-0.05,10.5614,5.6907,5.97,1.9964,1.9882,5.6337,5.2008,4.9705,4.9029,1.3157,0.6865,0.4742,0.3708,0.3169,0.327,0.4277,5.3108,5.2416,4.7953,2.5258,1.7507,1.3717,1.1565,1.0268,0.9616,1.1008,4.9094,3.9788,2.1152,1.6808,1.7637,1.6661,1.9482,4.3637,10.6856,5.6587
10,208,3.0062933615677467,2.260440158178088,1.5949,3.6714322566986084,7.012646198272705,4.7985,0.196049,-0.002839,0.512904,-0.001,0.3032,True,0.294232,-0.068229,-0.0,-0.05,10.5841,5.7238,6.0152,2.0068,2.0047,5.6056,5.1858,4.9655,4.9059,1.147,0.6143,0.4284,0.3368,0.3032,0.3363,0.4425,5.2825,5.222,4.5385,2.4521,1.7157,1.3512,1.1432,1.0176,0.9546,1.0707,4.909,3.8802,2.1145,1.686,1.7731,1.6783,1.9688,4.3651,10.6893,5.6781
10,209,3.0069035967997584,2.280161918112278,1.6029,3.6714322566986084,7.012646198272705,4.7789,0.242752,0.043475,0.682734,0.015308,0.3006,True,0.322291,-0.013229,-9.5e-05,-0.05,10.6097,5.7369,6.065,2.0227,2.0257,5.5763,5.1704,4.9608,4.9094,0.9837,0.5407,0.3809,0.301,0.3006,0.3468,4.4105,5.2527,5.2009,4.2885,2.3766,1.6792,1.3296,1.1291,1.0078,0.9413,1.0364,4.9017,3.7841,2.1137,1.6919,1.7823,1.6917,1.9916,4.4014,10.6943,5.6993
10,210,3.008240976315918,2.3016712809268665,1.6169,3.6714322566986084,7.012646198272705,4.7574,0.107785,-0.325758,0.191945,-0.114704,0.3003,True,0.325409,-0.001407,-0.005306,-0.05,5.7635,5.7874,6.1435,2.0437,2.0614,5.5221,5.1426,4.9533,3.4652,0.7981,0.4589,0.3291,0.3049,0.3003,0.3679,4.616,5.2166,5.1794,3.8735,2.2428,1.613,1.2901,1.103,0.9896,0.9279,1.0342,4.894,3.5407,2.0645,1.7042,1.7744,1.7123,2.0391,4.4179,10.6882,5.721
10,211,3.009809385639844,2.3233585812173745,1.6356,3.6714322566986084,7.012646198272705,4.7357,0.14066,-0.250426,0.311492,-0.088178,0.3019,True,0.28887,0.007759,-0.003136,-0.05,5.7705,5.8181,6.1854,2.0596,2.0911,5.5044,5.134,4.952,2.6989,0.6901,0.4027,0.307,0.3019,0.307,0.3773,5.3801,5.1927,5.1604,3.7382,2.1959,1.5888,1.2752,1.0928,0.9824,0.9224,0.9907,4.8886,3.5114,2.0761,1.708,1.7878,1.7261,2.0555,4.4236,10.6984,5.7399
10,212,3.0098480901874525,2.3428026431502285,1.6446,3.6714322566986084,7.012646198272705,4.7165,0.107337,-0.321129,0.190315,-0.113074,0.3014,True,0.293783,-0.00226,-0.005156,-0.05,5.8056,5.8561,6.24,2.0774,2.1338,5.4779,5.1213,4.9502,1.9807,0.5771,0.3439,0.3082,0.3014,0.3169,0.3914,5.3416,5.1665,5.1406,3.55,2.1286,1.5538,1.2536,1.0782,0.9719,0.9099,0.9563,4.8859,3.4327,2.0708,1.7143,1.7948,1.7343,2.0822,4.4571,10.706,5.7596
10,213,3.009684467806178,2.3626078300483497,1.654,3.6714322566986084,7.012646198272705,4.6969,0.20362,-0.10393,0.540438,-0.036595,0.3008,True,0.286611,-0.002943,-0.00054,-0.05,5.8295,5.8809,6.2705,2.094,2.1673,5.4718,5.119,4.9509,1.6379,0.4929,0.3074,0.5703,0.3008,0.3214,3.5652,5.317,5.1458,5.1217,3.4949,2.1073,1.5421,1.246,1.0727,0.9677,0.9066,0.9024,4.8825,3.4641,2.1012,1.7193,1.8157,1.7468,2.088,4.4712,10.7217,5.7784
10,214,3.008788080595762,2.3820367091689763,1.6589,3.6714322566986084,7.012646198272705,4.6778,0.126341,-0.393497,0.25942,-0.138555,0.3004,True,0.308707,-0.002126,-0.007742,-0.05,5.8338,5.9096,2.3047,2.1113,2.2127,5.4638,5.1159,4.9518,1.2793,0.4005,0.3004,0.5295,0.3014,0.3271,3.593,5.2888,5.1225,5.1005,3.4257,2.0804,1.5273,1.2363,1.0658,0.9624,0.9024,0.8945,4.8783,3.4899,2.1317,1.7343,1.8181,1.7506,2.096,4.4857,10.7388,5.7995
10,215,3.007150913130213,2.4030634310047354,1.6608,3.6714322566986084,7.012646198272705,4.6572,0.207272,-0.335569,0.553715,-0.118158,0.302,True,0.272883,0.008124,-0.00563,-0.05,5.8498,5.925,2.3026,2.1263,2.2376,5.4715,5.1206,4.954,1.0752,0.329,0.3081,0.4983,0.302,0.3277,3.5815,5.2731,5.1049,5.0819,3.4551,2.0895,1.5311,1.238,1.0665,0.9624,0.902,0.8905,4.8739,3.5968,2.1881,1.7411,1.8135,1.7776,2.0863,4.5113,10.7601,5.8185
10,216,3.0055596024560614,2.4216748308407676,1.661,3.6714322566986084,7.012646198272705,4.639,0.147985,-0.342699,0.338128,-0.120669,0.304,True,0.2743,0.009801,-0.005872,-0.05,5.8778,5.9557,2.2604,2.1428,2.3164,5.4569,5.1142,4.9542,0.7619,0.31,0.6275,0.461,0.304,0.3351,3.6252,5.2438,5.083,5.0633,3.3498,2.0493,1.5094,1.2242,1.0568,0.9554,0.8966,0.8824,4.8726,3.573,2.1982,1.7535,1.8185,1.7881,2.1021,4.5172,10.772,5.8368
10,217,3.004359014067948,2.4403286119770415,1.6648,3.6714322566986084,7.012646198272705,4.6207,0.274939,-0.17589,0.799777,-0.061933,0.3002,True,0.277475,-0.018911,-0.001547,-0.05,5.8903,5.9665,2.2797,2.1578,2.3327,5.4715,5.1223,4.9571,0.569,0.3002,0.5888,0.4309,0.3031,0.3338,3.5969,5.2317,5.0664,5.0443,3.4182,2.0728,1.5207,1.2305,1.0605,0.9574,0.8976,0.8801,4.8697,3.7208,2.2695,1.7585,1.8109,1.7975,2.0845,4.5211,10.796,5.856
10,218,3.0022904281245535,2.4593270824639535,1.6624,3.6714322566986084,7.012646198272705,4.6022,0.165615,-0.296638,0.402236,-0.10445,0.3039,True,0.280475,0.018447,-0.0044,-0.05,5.9161,5.9944,2.2665,2.1744,6.0532,5.4621,5.1185,4.9579,0.305,0.884,0.5372,0.3945,0.3039,3.0341,3.6283,5.205,5.045,5.0252,3.3435,2.0437,1.5047,1.2201,1.0531,0.9518,0.8932,0.8737,4.8658,3.726,2.2904,1.7693,1.8136,1.815,2.0943,4.56,10.8108,5.8749
10,219,3.000708755207174,2.4784607890072587,1.6641,3.6714322566986084,7.012646198272705,4.5835,0.23684,-0.132494,0.661236,-0.046653,0.3039,True,0.270706,0.000238,-0.000878,-0.05,5.9304,6.0075,2.2803,2.1894,6.0702,5.4726,5.1245,4.9604,0.7309,0.8224,0.4968,0.3638,0.3039,3.0228,3.6099,5.191,5.028,5.0066,3.3878,2.0584,1.5114,1.2236,1.0549,0.9527,0.8934,0.8691,4.8657,3.8501,2.3528,1.7767,1.8077,1.8182,2.0814,4.5532,10.8328,5.8935
10,220,2.999012494062942,2.4969572877073785,1.6639,3.6714322566986084,7.012646198272705,4.5655,0.113715,-0.290182,0.213509,-0.102177,0.3029,True,0.265533,-0.005255,-0.00421,-0.05,5.9606,6.0412,2.267,2.2055,6.0366,5.4538,5.1161,4.9603,0.3292,0.726,0.445,0.328,0.3029,3.0009,3.6653,5.1599,5.0061,4.9887,3.2609,2.0098,1.4852,1.2071,1.0435,0.9443,0.8871,0.8641,4.8603,3.7921,2.35,1.7851,1.8147,1.8278,2.1023,4.5893,10.8429,5.9115
10,221,2.998218739947419,2.5149742015691787,1.6704,3.6714322566986084,7.012646198272705,4.5478,0.244126,-0.015212,0.68773,-0.005356,0.3051,True,0.244578,0.011313,-1.2e-05,-0.05,5.9614,6.0677,2.2657,2.2208,6.0169,5.4431,5.1117,0.3381,0.4303,0.6505,0.4021,0.3051,3.0487,2.9976,3.7016,5.1358,4.9876,4.9726,3.1844,1.9793,1.4685,1.1962,1.0358,0.9386,0.8827,0.859,4.8566,3.7766,2.3599,1.7952,1.8185,1.8403,2.1147,4.5959,10.8547,5.9275
10,222,2.9977777568348065,2.5315280044836994,1.6786,3.6714322566986084,7.012646198272705,4.5315,0.131006,-0.048319,0.276385,-0.017014,0.301,True,0.250151,-0.020786,-0.000117,-0.05,5.9962,6.1093,2.2602,2.237,5.9686,5.4161,5.0997,0.321,0.8731,0.5604,0.3534,0.301,2.9863,3.0177,3.7877,5.1014,4.9662,4.9559,3.0205,1.914,1.4329,1.1737,1.0202,0.9273,0.8744,0.8528,4.8518,3.6651,2.334,1.7939,1.8303,1.853,2.1492,4.6061,10.8621,5.9443
10,223,2.9975614405559887,2.548425498622252,1.6901,3.6714322566986084,7.012646198272705,4.5148,0.202355,0.18562,0.535837,0.065359,0.3088,True,0.26882,0.038926,-0.001723,-0.05,6.0007,6.1418,2.2661,2.2524,5.9431,5.4024,5.0944,0.3088,1.2131,0.4855,0.3093,3.5847,2.9908,3.0489,3.8408,5.0743,4.9465,4.9386,2.9301,1.8761,1.4115,1.1597,1.0103,0.9199,0.8686,0.8473,4.8469,3.6328,2.3371,1.8045,1.8361,1.8645,2.1678,4.6825,10.8749,5.9615
10,224,2.9966934078153535,2.5666823349677204,1.6993,3.6714322566986084,7.012646198272705,4.4969,0.159355,-0.189081,0.379472,-0.066578,0.3065,True,0.279796,-0.011366,-0.001788,-0.05,6.0251,6.1688,2.2783,2.2704,5.9335,5.398,0.3065,0.3799,1.0128,0.4128,0.3076,3.5357,2.9537,3.0656,3.8685,5.0503,4.9262,4.9192,2.885,1.8558,1.3993,1.1513,1.0039,0.9148,0.8644,0.8437,0.8431,3.6575,2.3637,1.8121,1.8367,1.8724,2.1735,4.7142,10.8925,5.981
10,225,2.9942631722845374,2.5859209691109997,1.7,3.6714322566986084,7.012646198272705,4.4782,0.250419,0.043807,0.710613,0.015425,0.303,True,0.308396,-0.017675,-9.6e-05,-0.05,6.0392,6.1799,2.2963,2.2875,5.957,5.4124,0.303,0.4662,0.8764,0.3468,0.3102,3.5271,2.9405,3.0489,3.8369,5.0354,4.9068,4.8984,2.9341,1.8735,1.4076,1.1555,1.0061,0.9156,0.8642,0.8427,0.8414,3.7971,2.4362,1.8347,1.8271,1.8945,2.1517,4.646,10.9166,6.002
10,226,2.990900629905217,2.6072391383113747,1.6957,3.6714322566986084,7.012646198272705,4.4577,0.153125,-0.351367,0.356817,-0.123721,0.3049,True,0.253642,0.009669,-0.006173,-0.05,6.0643,6.175,2.3218,2.3043,6.0155,5.4488,0.3049,0.5234,0.7992,0.3112,5.1804,3.5596,2.9527,3.0099,3.764,5.0321,4.8918,4.8789,3.0606,1.9178,1.4281,1.166,1.0113,0.9175,0.8638,0.8402,0.8382,4.0428,2.5463,1.9007,1.829,1.9,2.1009,4.6846,10.9444,6.0212
10,227,2.9858357192808906,2.625138410041703,1.6776,3.6714322566986084,7.012646198272705,4.4408,0.214722,-0.057843,0.580807,-0.020367,0.3025,True,0.138864,-0.011847,-0.000167,-0.05,6.0858,6.1112,2.4122,2.3136,6.2171,5.5709,0.3025,0.4818,1.26,0.3218,5.118,5.4387,3.0225,2.9245,3.5238,5.0837,4.9014,4.8674,3.6521,2.122,1.5283,1.2234,1.0466,0.9394,0.8765,0.8456,0.8401,10.2045,2.8381,2.0498,1.8422,1.9214,1.9684,4.6855,11.0,6.0328
10,228,2.9787548118267435,2.6356233257168875,1.6319,3.6714322566986084,7.012646198272705,4.4315,0.161353,-0.144465,0.386737,-0.050868,0.3009,True,0.127343,-0.008071,-0.001044,-0.05,10.9477,6.0894,6.3916,2.3077,2.4108,5.6633,0.3031,0.4578,0.9978,0.3009,5.0428,4.0156,3.1453,2.9164,3.2974,4.3205,4.9179,4.8562,4.5396,2.4102,1.6754,1.3147,1.1097,0.986,0.9122,0.8735,0.863,0.8636,3.1649,2.2075,1.8624,1.976,1.9443,4.7089,11.0712,6.044
10,229,2.9730942791080825,2.645120004021803,1.5918,3.6714322566986084,7.012646198272705,4.423,0.278908,-0.116648,0.814212,-0.041073,0.3007,True,0.149544,-0.000961,-0.00068,-0.05,6.0546,6.0866,6.2967,2.3088,2.331,5.8023,0.3007,0.4331,0.8182,0.3202,4.9874,4.3288,3.306,2.8808,3.1002,3.9605,4.948,4.8474,4.8455,2.7786,1.8419,1.4097,1.1707,1.0279,0.9417,0.894,0.8764,0.8762,3.6291,2.4141,1.8891,1.9162,1.9563,2.328,11.1717,10.9575
10,230,2.9682114679554927,2.6560018803173513,1.5456,3.6714322566986084,7.012646198272705,4.413,0.33,0.001738,1.0,0.000612,0.3038,True,0.202892,0.015532,-0.0,-0.05,6.0687,6.1062,6.1848,2.3243,2.3111,6.0491,0.3038,0.4037,0.6659,0.4113,0.3348,5.0938,3.5918,2.9,2.8659,3.5475,5.0129,4.8533,4.8315,3.5354,2.1387,1.5674,1.2675,1.0919,0.9854,0.9236,0.8947,0.891,4.5731,2.7831,2.045,1.9042,1.9741,2.1244,4.7486,11.0111
10,231,2.964523461096659,2.670302406100213,1.4812,3.6714322566986084,7.012646198272705,4.3995,0.267247,-0.090975,0.771808,-0.032033,0.3029,True,0.041822,-0.00483,-0.000414,-0.05,6.0726,6.1097,6.1599,2.3468,2.3146,6.1296,0.3029,0.3977,0.6379,0.4696,0.3615,5.07,3.6816,2.9487,2.8652,3.4586,5.0346,4.8584,4.8276,3.7955,2.2251,1.6086,1.2905,1.1056,0.9935,0.9278,0.8959,0.8906,10.9317,2.9056,2.1066,1.9118,1.9726,2.0691,4.7538,11.0343
10,232,2.958132187549812,2.674173213754682,1.4659,3.6714322566986084,7.012646198272705,4.3967,0.146378,-0.069412,0.332282,-0.024441,0.3028,True,0.008673,-0.000436,-0.000241,-0.05,6.0734,6.1063,6.1557,2.352,2.3152,6.1444,0.3028,0.3968,0.6334,0.4834,0.3672,5.0659,3.6983,2.9577,2.856,3.4432,5.0387,4.8594,4.8268,3.8465,2.2415,1.6163,1.2948,1.1081,0.9951,0.9286,0.8962,0.8905,0.8933,2.9288,2.1181,1.9087,1.9783,2.0596,4.7263,11.0389
10,233,2.956884146118748,2.674964570218948,1.463,3.6714322566986084,7.012646198272705,4.3961,0.157377,-0.14076,0.37228,-0.049564,0.3027,True,0.006447,-0.000501,-0.000991,-0.05,6.0739,6.1037,6.1526,2.3562,2.3157,6.1559,0.3027,0.396,0.63,0.4954,0.3721,5.0629,3.7112,2.9646,2.8595,3.4316,5.0418,4.8603,4.8262,3.8863,2.2541,1.6222,1.298,1.1101,0.9962,0.9292,0.8964,0.8905,0.8931,2.9467,2.1269,1.9049,1.9827,2.0524,0.5079,0.5064
13,203,-0.2880104870580131,0.7671842334924748,-1.3137,-0.9427211880683899,4.990172863006592,4.2734,-0.037221,0.140279,-0.335349,0.049394,0.7164,True,0.05069,-0.017811,-0.000984,-0.05,0.742,0.7913,0.8762,1.0164,1.2554,1.716,1.763,4.5803,4.587,7.9666,5.8174,4.6942,4.4613,3.8172,4.1233,6.8267,8.2839,8.322,7.428,1.9552,2.0699,5.5201,5.8146,7.9609,8.1208,4.6223,2.031,1.2333,0.9454,0.9686,0.8764,0.7914,0.7421,0.7192,0.7164,0.7202
13,204,-0.28984650862480077,0.770319472535379,-1.3072,-0.9427211880683899,4.990172863006592,4.2701,-0.03201,-0.085577,-0.316399,-0.030133,0.713,True,0.050888,-0.01663,-0.000366,-0.05,0.7386,0.7877,0.8722,1.0117,1.2497,1.7141,1.7588,4.58,4.5856,7.9733,5.8226,4.6986,4.4655,3.8208,4.1219,6.8252,8.2873,8.3254,7.4289,1.9592,2.0741,5.5209,5.8212,7.9703,8.1216,4.6146,2.0173,1.2251,0.9465,0.9698,0.8723,0.7877,0.7386,0.7159,0.713,0.7168
13,205,-0.29042992786651,0.7736621210688877,-1.3093,-0.9427211880683899,4.990172863006592,4.2667,-0.026608,-0.106545,-0.296757,-0.037516,0.7111,True,0.041818,-0.009858,-0.000568,-0.05,0.7346,0.7819,0.8638,0.999,1.2288,1.7108,1.7412,4.5868,4.576,7.9732,5.912,4.7498,4.4842,3.808,4.0273,6.5626,8.289,8.3199,7.6016,1.9704,2.062,5.4931,5.7418,7.8048,8.1326,8.0898,4.4804,1.2473,0.944,0.9667,0.8761,0.7892,0.7386,0.7146,0.7111,0.7142
13,206,-0.28964785739672017,0.7766042934779133,-1.3194,-0.9427211880683899,4.990172863006592,4.2639,-0.037918,0.141302,-0.337882,0.049754,0.7076,True,0.050155,-0.017453,-0.000998,-0.05,0.7318,0.7796,0.8621,0.9983,1.2302,1.7102,1.7433,4.5828,4.5777,7.9825,5.8807,4.7337,4.4962,3.8036,4.065,6.6695,8.2925,8.3265,7.5285,1.9648,2.0726,5.5086,5.7835,7.886,8.1289,4.6831,2.0393,1.227,0.9459,0.9694,0.8691,0.7838,0.7341,0.7107,0.7076,0.7109
13,207,-0.2914891123095421,0.7797027322673558,-1.3127,-0.9427211880683899,4.990172863006592,4.2605,-0.032847,-0.083416,-0.319444,-0.029372,0.7042,True,0.051161,-0.016829,-0.000348,-0.05,0.7284,0.776,0.8582,0.9938,1.2248,1.7082,1.7398,4.5827,4.577,7.9822,5.8844,4.7372,4.4997,3.8069,4.0654,6.6728,8.2959,8.3301,7.5262,1.9656,2.0771,5.5162,5.7916,7.8985,8.1295,4.6613,2.0237,1.2182,0.9392,0.9706,0.8648,0.7799,0.7305,0.7073,0.7042,0.7076
13,208,-0.292087198169993,0.7830615295911989,-1.3146,-0.9427211880683899,4.990172863006592,4.2571,-0.027382,-0.104229,-0.299571,-0.036701,0.7021,True,0.042853,-0.010534,-0.000543,-0.05,0.7244,0.7702,0.8499,0.9815,1.2046,1.7043,1.7253,4.5967,4.5741,7.9587,5.974,4.7884,4.4703,3.8282,3.9752,6.4263,8.2981,8.3253,7.6996,1.9748,2.0656,5.5191,5.7156,7.7406,8.1407,8.0935,4.4847,1.2396,0.9452,0.9677,0.8683,0.7813,0.7304,0.7059,0.7021,0.7048
13,209,-0.29134046993105855,0.7860679868730122,-1.3245,-0.9427211880683899,4.990172863006592,4.2543,-0.038411,0.141664,-0.339675,0.049882,0.6986,True,0.051047,-0.017678,-0.001003,-0.05,0.7215,0.7678,0.8481,0.9806,1.2057,1.7033,1.7267,4.5901,4.5735,7.9677,5.9424,4.7722,4.4745,3.8238,4.0115,6.5276,8.3015,8.3318,7.6255,1.9839,2.076,5.5011,5.7563,7.8194,8.1369,8.0933,2.0444,1.2192,0.937,0.9704,0.8612,0.7757,0.7258,0.7021,0.6986,0.7016
13,210,-0.29316826529428297,0.7892287217218554,-1.3179,-0.9427211880683899,4.990172863006592,4.2509,-0.036212,0.097038,-0.331679,0.034168,0.6943,True,0.052565,-0.021166,-0.000471,-0.05,0.7191,0.7668,0.849,0.9846,1.2159,1.7038,1.7353,4.5795,4.578,7.9911,5.8609,4.7283,4.4934,3.8151,4.1043,6.7893,8.3059,8.3437,7.4509,1.9802,2.0962,5.5298,5.8491,8.005,8.1271,4.5888,1.9482,1.182,0.9397,0.9756,0.8498,0.7673,0.7194,0.6971,0.6943,0.698
13,211,-0.2955181702403042,0.7924117788373368,-1.3081,-0.9427211880683899,4.990172863006592,4.2474,-0.03022,-0.091672,-0.309891,-0.032279,0.6932,True,0.033487,-0.005725,-0.00042,-0.05,0.718,0.7657,0.8479,0.9834,1.2148,1.7028,1.7343,4.5787,4.5775,7.9914,5.8588,4.7276,4.493,3.8172,4.1069,6.7992,8.3072,8.3453,7.4447,1.9821,2.0984,5.5286,5.8554,8.0166,8.1275,4.5842,1.9401,1.178,0.9368,0.9768,0.8481,0.7658,0.7181,0.696,0.6932,0.6969
13,212,-0.29650680907985494,0.7945182398702735,-1.3089,-0.9427211880683899,4.990172863006592,4.2451,-0.025358,-0.104877,-0.292209,-0.036929,0.6939,True,0.013125,0.003763,-0.00055,-0.05,0.7183,0.7656,0.8473,0.982,1.2117,1.7014,1.7309,4.5795,4.5746,7.9844,5.8792,4.7388,4.5025,3.8132,4.081,6.7281,8.3064,8.3427,7.4896,1.9784,2.0937,5.5412,5.8328,7.9707,8.1309,4.6055,1.9618,1.1863,0.9421,0.9768,0.8505,0.7676,0.7194,0.6969,0.6939,0.6975
13,213,-0.2972921034442009,0.7952826706468363,-1.3114,-0.9427211880683899,4.990172863006592,4.2443,-0.02495,-0.103715,-0.290728,-0.036519,0.6946,True,0.012636,0.003087,-0.000538,-0.05,0.7185,0.7654,0.8466,0.9805,1.2085,1.7001,1.7275,4.5808,4.5722,7.9776,5.8997,4.7501,4.4997,3.8174,4.0557,6.6594,8.3059,8.3404,7.5343,1.9749,2.0894,5.5346,5.8111,7.9266,8.1343,4.6317,1.983,1.1942,0.9429,0.9769,0.8528,0.7691,0.7205,0.6976,0.6946,0.6979
13,214,-0.29806119541066534,0.7960167102222696,-1.3139,-0.9427211880683899,4.990172863006592,4.2434,-0.025359,-0.102373,-0.292213,-0.036047,0.6952,True,0.012955,0.003286,-0.000524,-0.05,0.7187,0.7653,0.8459,0.979,1.2054,1.6989,1.7243,4.5827,4.5703,7.9709,5.9202,4.7614,4.4853,3.8216,4.0309,6.5928,8.3056,8.3383,7.5791,1.9858,2.0851,5.5157,5.7898,7.8835,8.1378,4.6696,2.0045,1.2022,0.9431,0.9769,0.8551,0.7708,0.7216,0.6984,0.6952,0.6984
13,215,-0.2988258693603562,0.796773059085194,-1.3163,-0.9427211880683899,4.990172863006592,4.2425,-0.02586,-0.101355,-0.294037,-0.035689,0.6959,True,0.013321,0.00349,-0.000514,-0.05,0.719,0.7652,0.8454,0.9777,1.2025,1.6978,1.7214,4.585,4.5689,7.9644,5.9406,4.7726,4.4711,3.8257,4.0067,6.5278,8.3053,8.3362,7.6242,1.9884,2.0809,5.5041,5.7689,7.8412,8.1412,8.0983,2.0266,1.2103,0.9433,0.9769,0.8574,0.7724,0.7229,0.6993,0.6959,0.6989
13,216,-0.2995889484123055,0.7975544231342835,-1.3188,-0.9427211880683899,4.990172863006592,4.2417,-0.026331,0.045702,-0.29575,0.016092,0.6986,True,0.017678,0.013461,-0.000104,-0.05,0.7217,0.768,0.8484,0.9811,1.2066,1.699,1.7234,4.5849,4.5689,7.9637,5.9406,4.7718,4.4692,3.8244,4.0032,6.517,8.3045,8.3351,7.632,1.9854,2.0776,5.5059,5.7625,7.8305,8.1415,8.0982,2.0405,1.2178,0.9427,0.9763,0.861,0.7756,0.7257,0.7021,0.6986,0.7016
13,217,-0.3002039057111947,0.7986524353687968,-1.3189,-0.9427211880683899,4.990172863006592,4.2405,-0.027871,0.065215,-0.30135,0.022963,0.7023,True,0.020817,0.018325,-0.000213,-0.05,0.7255,0.7721,0.853,0.9865,1.2133,1.7012,1.7275,4.584,4.5695,7.9649,5.9349,4.7677,4.4708,3.8218,4.0056,6.5214,8.3047,8.3355,7.6295,1.9826,2.0748,5.5048,5.7612,7.8301,8.1408,8.0975,2.053,1.2259,0.9423,0.9752,0.8653,0.7795,0.7295,0.7057,0.7023,0.7053
13,218,-0.30057404886142025,0.7999996838705052,-1.3188,-0.9427211880683899,4.990172863006592,4.2391,-0.028417,0.07014,-0.303335,0.024697,0.7061,True,0.02184,0.019312,-0.000246,-0.05,0.7296,0.7765,0.8579,0.9923,1.2206,1.7036,1.7321,4.5831,4.5703,7.9664,5.9292,4.764,4.4726,3.8196,4.0084,6.5263,6.6109,6.4956,6.4951,1.9803,2.0725,5.5037,5.762,7.8333,8.1402,8.0969,4.4855,1.234,0.9488,0.9741,0.8699,0.7837,0.7334,0.7096,0.7061,0.7092
13,219,-0.30096433222303076,0.8014128808731872,-1.3185,-0.9427211880683899,4.990172863006592,4.2376,-0.038857,0.193588,-0.3413,0.068165,0.7121,True,0.022431,0.029691,-0.001874,-0.05,0.7366,0.7847,0.8679,1.0051,1.2388,1.7086,1.7453,4.5783,4.5744,7.9779,5.8877,4.7403,4.4961,3.8099,4.0482,4.9707,4.7309,4.6486,4.6483,1.9762,2.0755,5.3873,5.7981,7.294,8.1351,4.6954,2.0516,1.2354,0.9507,0.9737,0.8743,0.7886,0.7387,0.7152,0.7121,0.7155
13,220,-0.30203635797955236,0.802761605871526,-1.3137,-0.9427211880683899,4.990172863006592,4.2361,-0.034099,-0.039307,-0.323996,-0.013841,0.7159,True,0.027176,0.019208,-7.7e-05,-0.05,0.7406,0.7891,0.8728,1.011,1.2462,1.7103,1.75,4.5777,4.5752,7.9785,5.8854,4.7393,4.4961,3.8101,4.0479,4.1161,3.9209,3.8557,3.8558,1.9762,2.0748,4.4804,5.0814,6.083,7.8759,4.7116,4.4833,1.243,0.9502,0.9732,0.8788,0.7927,0.7426,0.7191,0.7159,0.7194
13,221,-0.30266293798599775,0.8044985552863916,-1.3144,-0.9427211880683899,4.990172863006592,4.2343,-0.048102,0.03451,-0.374916,0.012151,0.7204,False,0.037709,0.022586,-6e-05,0.0,0.7451,0.7936,0.8776,1.0162,1.2521,1.7121,1.753,4.5781,4.5747,7.9752,5.8984,4.7474,4.4868,3.8145,3.7086,3.4099,3.2476,3.193,3.193,1.9794,2.0724,3.7079,4.2041,5.031,6.51,8.0963,4.4843,1.2561,0.9493,0.9722,0.885,0.7981,0.7475,0.7237,0.7204,0.7238
13,222,-0.3036966255600818,0.806883715727115,-1.316,-0.9427211880683899,4.990172863006592,4.2318,-0.050355,0.214545,-0.383108,0.075544,0.7279,False,0.031391,0.037597,-0.002301,0.0,0.7537,0.8036,0.8895,1.0313,1.273,1.718,1.7701,4.5769,4.5815,7.9853,5.8681,4.7321,3.9981,3.3381,2.9422,2.704,2.5742,2.5299,2.5298,1.9693,2.0778,2.9341,3.3248,3.9756,5.1381,4.6773,4.4825,1.2611,0.9489,0.9711,0.8915,0.8048,0.7544,0.7309,0.7279,0.7317
13,223,-0.3049703698661111,0.8088062831760866,-1.3115,-0.9427211880683899,4.990172863006592,4.2297,-0.058201,0.147429,-0.411641,0.051912,0.7363,False,0.045828,0.041583,-0.001087,0.0,0.7632,0.8143,0.9023,1.0474,1.2953,1.7248,1.7903,4.5781,4.5905,7.99,5.8461,4.1564,3.2081,2.6787,2.3612,2.1701,2.0661,2.0306,2.0306,1.9694,2.0856,2.3554,2.6693,3.192,4.126,4.6349,4.4814,1.2676,0.9565,0.9699,0.8991,0.8124,0.7622,0.739,0.7363,0.7404
13,224,-0.30616323017792296,0.8117149686032281,-1.309,-0.9427211880683899,4.990172863006592,4.2267,-0.05493,0.166617,-0.399744,0.058668,0.7448,False,0.045148,0.042571,-0.001388,0.0,0.773,0.8256,0.9158,1.0646,1.3192,1.7312,1.8159,4.5819,4.6028,7.9345,5.1027,3.4394,2.655,2.217,1.9543,1.7963,1.7102,1.6809,1.6808,1.709,1.7937,1.95,2.2099,2.6429,3.4165,4.6036,4.4811,1.2728,0.9569,0.9687,0.9065,0.82,0.77,0.7473,0.7448,0.7493
13,225,-0.30753384137981,0.814550843451249,-1.3055,-0.9427211880683899,4.990172863006592,4.2237,-0.054494,0.176352,-0.398161,0.062096,0.7537,False,0.043145,0.044522,-0.001555,0.0,0.7838,0.8382,0.9314,1.085,1.3487,1.7398,1.8606,4.5862,4.6253,7.8497,4.304,2.9018,2.2403,1.8709,1.6493,1.516,1.4434,1.4188,1.4188,1.4426,1.5142,1.6462,1.8657,2.2315,2.8851,4.2644,2.0487,1.2722,0.9562,0.9682,0.913,0.8272,0.7778,0.7558,0.7537,0.7589
13,226,-0.30921231748910555,0.8172051063927502,-1.3,-0.9427211880683899,4.990172863006592,4.2208,-0.056462,0.192545,-0.405315,0.067797,0.7633,False,0.042063,0.048012,-0.001854,0.0,0.7961,0.8531,0.9502,1.1104,1.3865,1.749,7.7717,4.5909,4.6712,7.517,3.6617,2.4702,1.9076,1.5934,1.4049,1.2915,1.2298,1.2089,1.2089,1.2293,1.2904,1.4031,1.5904,1.9026,2.4606,3.639,2.0073,1.2649,0.9563,0.9684,0.9184,0.834,0.7858,0.7649,0.7633,0.7695
13,227,-0.31139635771279417,0.8197102568348313,-1.2919,-0.9427211880683899,4.990172863006592,4.218,-0.053832,0.194839,-0.395754,0.068605,0.7731,False,0.037996,0.049055,-0.001898,0.0,0.8095,0.8697,0.9717,1.1402,1.4323,1.7604,12.0,4.5966,4.8226,6.4869,3.1612,2.1328,1.6472,1.376,1.2132,1.1153,1.062,1.044,1.044,1.0617,1.1145,1.2118,1.3737,1.6434,2.1255,3.1438,1.9508,1.2512,0.9568,0.9691,0.9224,0.8401,0.7935,0.7741,0.7731,0.7808
13,228,-0.31387184717925865,0.8218979608381786,-1.2816,-0.9427211880683899,4.990172863006592,4.2154,-0.052811,0.194052,-0.392041,0.068328,0.783,False,0.036578,0.049313,-0.001883,0.0,0.8236,0.8876,0.9953,1.1735,1.798,1.7731,12.0,4.6049,7.8145,5.6641,2.7607,1.8627,1.4387,1.2018,1.0596,0.9741,0.9276,0.9119,0.9119,0.9273,0.9735,1.0585,1.1999,1.4355,1.8567,2.7464,1.8878,1.2336,0.9578,0.9703,0.9254,0.8456,0.801,0.7835,0.783,0.7924
13,229,-0.3165961338457739,0.8239537879442775,-1.27,-0.9427211880683899,4.990172863006592,4.213,-0.058175,0.134617,-0.411547,0.0474,0.7925,False,0.046371,0.047946,-0.000906,0.0,0.8368,0.9038,1.0163,12.0,1.7992,1.7852,12.0,4.614,7.8304,5.0076,2.4409,1.647,1.2721,1.0626,0.937,0.8614,0.8202,0.8063,0.8063,0.82,0.8608,0.936,1.061,1.2694,1.6418,2.4287,1.8492,1.2245,0.9578,0.9704,0.9303,0.8521,0.8089,0.7928,0.7925,0.8036
13,230,-0.31877484328267003,0.8267528463800904,-1.2628,-0.9427211880683899,4.990172863006592,4.2099,-0.066082,0.171088,-0.440299,0.060242,0.7072,False,0.050791,-0.25,-0.001464,0.0,0.8524,0.9234,12.0,12.0,1.8052,1.8001,12.0,4.621,7.8509,4.3906,2.1405,1.4444,1.1156,0.9319,0.8217,0.7555,0.7194,0.7072,0.7072,0.7192,0.755,0.8209,0.9306,1.1134,1.4401,2.1304,1.8009,1.2114,0.9548,0.9709,0.9352,0.8592,0.8177,0.8035,0.8034,0.8166
13,231,-0.3215871115709961,0.8297559162574022,-1.2528,-0.9427211880683899,4.990172863006592,4.2065,-0.057561,0.165287,-0.409311,0.0582,0.6257,False,0.044232,-0.25,-0.001366,0.0,0.8691,12.0,12.0,12.0,1.8168,1.8169,12.0,4.632,7.8767,3.8837,1.8936,1.2778,0.987,0.8245,0.727,0.6683,0.6364,0.6257,0.6257,0.6362,0.6679,0.7263,0.8233,0.985,1.2741,1.8849,1.7408,1.1921,0.9477,0.9722,0.9382,0.8652,0.826,0.8141,0.8143,0.8301
13,232,-0.32468403581368854,0.8322758940939756,-1.2408,-0.9427211880683899,4.990172863006592,4.2036,-0.048182,0.075685,-0.375209,0.02665,0.3099,True,0.027143,-0.25,-0.000286,0.0,12.0,12.0,12.0,12.0,0.3099,1.8298,12.0,4.6401,7.8915,3.5857,1.754,1.1849,0.9157,0.7653,0.6749,0.6206,0.5911,0.5812,0.5812,0.5912,0.6207,0.6751,0.7655,0.9162,1.1858,1.756,1.7099,1.1824,0.9472,0.9729,0.9408,0.8693,0.8316,0.8209,0.8213,0.8388
16,230,3.007764531390078,2.3903535047872455,1.5686,3.0774807929992676,4.210935592651367,1.8219,0.157431,-0.072792,0.372478,-0.025631,0.3029,True,0.153906,0.014193,-0.000265,-0.05,5.8007,5.8264,6.0643,2.0891,2.0883,5.7043,5.2372,4.9813,4.8917,0.6266,0.3029,0.6142,0.4737,0.3954,0.3051,4.011,5.1899,5.0997,5.0994,2.7433,1.8531,1.4321,1.1968,1.0555,0.9706,0.9311,4.9136,10.9094,2.691,1.8247,1.7704,1.7897,1.9056,4.5008,10.8763,5.8007
16,231,3.0075764333524084,2.4006287488074016,1.5674,3.0774807929992676,4.210935592651367,1.8117,0.121696,-0.047959,0.24253,-0.016887,0.3029,True,-3e-06,-0.000109,-0.000115,-0.05,5.8007,5.8265,6.0644,2.0891,2.0882,5.704,5.237,4.9812,4.8916,0.6264,0.3029,0.6142,0.4737,0.3953,0.305,4.0115,5.1898,5.0997,5.0994,2.7427,1.8529,1.432,1.1967,1.0555,0.9706,0.9311,4.9136,10.9094,2.6903,1.8244,1.7701,1.7895,1.9059,4.5006,10.8761,5.8007
16,232,3.007634210975151,2.4006262880952756,1.5675,3.0774807929992676,4.210935592651367,1.8117,0.121712,-0.047957,0.24259,-0.016886,0.3029,True,-0.00018,-8.4e-05,-0.000115,-0.05,5.8006,5.8265,6.0646,2.089,2.0882,5.7037,5.2368,4.9811,4.8916,0.6262,0.3029,0.6141,0.4737,0.3953,0.305,4.012,5.1898,5.0997,5.0994,2.7422,1.8527,1.4319,1.1967,1.0555,0.9706,0.9311,4.9136,10.9094,2.6896,1.8241,1.7699,1.7893,1.9061,4.5004,10.8759,5.8007
16,233,3.007692480718204,2.400612058375873,1.5676,3.0774807929992676,4.210935592651367,1.8117,0.120583,-0.047788,0.238482,-0.016827,0.3029,True,2e-06,-3.7e-05,-0.000114,-0.05,5.8006,5.8266,6.0647,2.089,2.0882,5.7034,5.2367,4.981,4.8916,0.6261,0.3029,0.6141,0.4737,0.3953,0.305,4.0124,5.1897,5.0997,5.0995,2.7418,1.8526,1.4319,1.1967,1.0555,0.9706,0.9311,4.9136,10.9095,2.6891,1.8239,1.7697,1.7892,1.9063,4.5002,10.8758,5.8007
16,234,3.0077412571826905,2.4006102901823354,1.5676,3.0774807929992676,4.210935592651367,1.8117,0.121637,-0.04795,0.242317,-0.016884,0.3028,True,-0.000154,-6.5e-05,-0.000115,-0.05,5.8006,5.8267,6.0648,2.0889,2.0882,5.7032,5.2365,4.981,4.8915,0.6259,0.3028,0.614,0.4737,0.3953,0.305,4.0127,5.1897,5.0998,5.0995,2.7414,1.8524,1.4318,1.1966,1.0555,0.9706,0.9311,4.9136,10.9095,2.6887,1.8237,1.7695,1.7891,1.9065,4.5001,10.8756,5.8007
16,235,3.007797967159214,2.4005978439377493,1.5677,3.0774807929992676,4.210935592651367,1.8117,0.121422,-0.047915,0.241534,-0.016871,0.3028,True,-0.000144,-6.3e-05,-0.000115,-0.05,5.8006,5.8267,6.0649,2.0889,2.0882,5.703,5.2364,4.9809,4.8915,0.6258,0.3028,0.614,0.4736,0.3953,0.305,4.0131,5.1896,5.0998,5.0995,2.7411,1.8523,1.4318,1.1966,1.0555,0.9706,0.9311,4.9136,10.9095,2.6882,1.8235,1.7693,1.789,1.9066,4.5,10.8755,5.8007
16,236,3.007849035608951,2.400586285183687,1.5677,3.0774807929992676,4.210935592651367,1.8117,0.120676,-0.047832,0.238821,-0.016842,0.3028,True,-0.000106,-5.5e-05,-0.000114,-0.05,5.8006,5.8268,6.065,2.0888,2.0881,5.7027,5.2362,4.9808,4.8915,0.6256,0.3028,0.614,0.4736,0.3953,0.3049,4.0134,5.1896,5.0998,5.0995,2.7408,1.8522,1.4317,1.1966,1.0555,0.9706,0.9311,4.9137,10.9096,2.6878,1.8233,1.7691,1.7889,1.9068,4.4999,10.8754,5.8006
16,237,3.0079029296165243,2.4005771140216194,1.5678,3.0774807929992676,4.210935592651367,1.8117,0.121213,-0.047898,0.240775,-0.016865,0.3028,True,-0.000129,-7.7e-05,-0.000115,-0.05,5.8006,5.8268,6.0652,2.0888,2.0881,5.7025,5.2361,4.9807,4.8914,0.6255,0.3028,0.6139,0.4736,0.3953,0.3049,4.0137,5.1896,5.0998,5.0995,2.7404,1.8521,1.4317,1.1966,1.0555,0.9707,0.9312,4.9137,10.9096,2.6873,1.8231,1.7689,1.7888,1.907,4.4997,10.8753,5.8006
16,238,3.0079501811715064,2.4005666675893127,1.5678,3.0774807929992676,4.210935592651367,1.8117,0.121196,-0.047912,0.240713,-0.01687,0.3028,True,-0.00016,-9.1e-05,-0.000115,-0.05,5.8006,5.8269,6.0653,2.0888,2.0881,5.7022,5.2359,4.9806,4.8914,0.6253,0.3028,0.6139,0.4736,0.3953,0.3049,4.0142,5.1895,5.0998,5.0995,2.7399,1.8519,1.4316,1.1965,1.0555,0.9707,0.9312,4.9137,10.9096,2.6867,1.8228,1.7687,1.7886,1.9072,4.4996,10.8751,5.8006
16,239,3.00800111940966,2.40055403318142,1.5679,3.0774807929992676,4.210935592651367,1.8117,0.121236,-0.047915,0.240858,-0.016871,0.3028,True,-0.000181,-9e-05,-0.000115,-0.05,5.8005,5.827,6.0654,2.0887,2.0881,5.702,5.2358,4.9805,4.8914,0.6251,0.3028,0.6138,0.4736,0.3953,0.3049,4.0146,5.1895,5.0998,5.0995,2.7395,1.8517,1.4315,1.1965,1.0555,0.9706,0.9312,4.9137,10.9097,2.6862,1.8226,1.7684,1.7885,1.9074,4.4994,10.875,5.8006
16,240,3.008045038817298,2.4005402424683653,1.568,3.0774807929992676,4.210935592651367,1.8117,0.120789,-0.047871,0.239234,-0.016856,0.3028,True,-0.000153,-9e-05,-0.000115,-0.05,5.8005,5.827,6.0655,2.0887,2.0881,5.7018,5.2356,4.9804,4.8914,0.625,0.3028,0.6138,0.4736,0.3953,0.3049,4.015,5.1894,5.0998,5.0996,2.7391,1.8516,1.4314,1.1965,1.0554,0.9706,0.9312,4.9137,10.9097,2.6857,1.8224,1.7682,1.7884,1.9075,4.4993,10.8748,5.8006
16,241,3.008088290154756,2.400528396028515,1.568,3.0774807929992676,4.210935592651367,1.8117,0.121732,-0.049333,0.242663,-0.017371,0.3027,True,-0.000111,-8.1e-05,-0.000122,-0.05,5.8005,5.8271,6.0657,2.0887,2.0881,5.7015,5.2355,4.9804,4.8913,0.6248,0.3027,0.6137,0.4735,0.3953,0.3049,4.0154,5.1894,5.0998,5.0996,2.7387,1.8514,1.4314,1.1964,1.0554,0.9706,0.9312,4.9137,10.9097,2.6852,1.8222,1.768,1.7883,1.9077,4.4992,10.8747,5.8006
16,242,3.008133464367194,2.4005192707668166,1.5681,3.0774807929992676,4.210935592651367,1.8117,0.122226,-0.049469,0.244459,-0.017419,0.3027,True,-0.000149,-5.7e-05,-0.000122,-0.05,5.8005,5.8271,6.0658,2.0886,2.0881,5.7014,5.2354,4.9803,4.8913,0.6247,0.3027,0.6137,0.4735,0.3953,0.3049,4.0156,5.1893,5.0998,5.0996,2.7384,1.8513,1.4313,1.1964,1.0554,0.9707,0.9312,4.9137,10.9097,2.6849,1.822,1.7679,1.7882,1.9078,4.4991,10.8746,5.8006
16,243,3.008172477211307,2.4005078449057726,1.5681,3.0774807929992676,4.210935592651367,1.8118,0.121769,-0.049362,0.242796,-0.017381,0.3027,True,-9.7e-05,-5.8e-05,-0.000122,-0.05,5.8005,5.8272,6.0658,2.0886,2.088,5.7012,5.2353,4.9802,4.8913,0.6246,0.3027,0.6137,0.4735,0.3953,0.3048,4.0159,5.1893,5.0998,5.0996,2.7381,1.8512,1.4313,1.1964,1.0554,0.9707,0.9312,4.9137,10.9098,2.6845,1.8218,1.7677,1.7881,1.908,4.499,10.8745,5.8006
16,244,3.008210073284611,2.4004999504018754,1.5682,3.0774807929992676,4.210935592651367,1.8118,0.121776,-0.04937,0.242821,-0.017384,0.3027,True,-9.2e-05,-5.6e-05,-0.000122,-0.05,5.8005,5.8272,6.0659,2.0886,2.088,5.701,5.2352,4.9802,4.8913,0.6245,0.3027,0.6136,0.4735,0.3953,0.3048,4.0161,5.1893,5.0998,5.0996,2.7379,1.8511,1.4312,1.1964,1.0554,0.9707,0.9312,4.9137,10.9098,2.6842,1.8217,1.7676,1.788,1.9081,4.4989,10.8744,5.8005
16,245,3.008247519646737,2.4004923701850305,1.5682,3.0774807929992676,4.210935592651367,1.8118,0.121787,-0.049379,0.24286,-0.017387,0.3027,True,-8.2e-05,-5.1e-05,-0.000122,-0.05,5.8005,5.8273,6.066,2.0885,2.088,5.7009,5.2351,4.9801,4.8912,0.6244,0.3027,0.6136,0.4735,0.3953,0.3048,4.0163,5.1892,5.0998,5.0996,2.7377,1.851,1.4312,1.1964,1.0554,0.9707,0.9312,4.9138,10.9098,2.6839,1.8216,1.7675,1.788,1.9082,4.4988,10.8744,5.8005
16,246,3.008284042812846,2.400485522216101,1.5683,3.0774807929992676,4.210935592651367,1.8118,0.121807,-0.049393,0.242934,-0.017392,0.3027,True,-0.000104,-4.9e-05,-0.000122,-0.05,5.8005,5.8273,6.0661,2.0885,2.088,5.7007,5.235,4.9801,4.8912,0.6243,0.3027,0.6136,0.4735,0.3953,0.3048,4.0166,5.1892,5.0998,5.0996,2.7374,1.851,1.4312,1.1964,1.0554,0.9707,0.9313,4.9138,10.9098,2.6836,1.8214,1.7674,1.7879,1.9083,4.4987,10.8743,5.8005
16,247,3.008320818709759,2.400477209192107,1.5683,3.0774807929992676,4.210935592651367,1.8118,0.121826,-0.049403,0.243002,-0.017395,0.3027,True,-7.4e-05,-6.6e-05,-0.000122,-0.05,5.8005,5.8273,6.0661,2.0885,2.088,5.7006,5.2349,4.98,4.8912,0.6242,0.3027,0.6136,0.4735,0.3953,0.3048,4.0168,5.1892,5.0999,5.0996,2.7372,1.8509,1.4311,1.1964,1.0554,0.9707,0.9313,4.9138,10.9099,2.6833,1.8213,1.7672,1.7878,1.9084,4.4986,10.8742,5.8005
16,248,3.0083551628220215,2.400470938809436,1.5683,3.0774807929992676,4.210935592651367,1.8118,0.121843,-0.049418,0.243064,-0.017401,0.3027,True,-8.9e-05,-5.3e-05,-0.000122,-0.05,5.8005,5.8274,6.0662,2.0885,2.088,5.7004,5.2348,4.98,4.8912,0.6241,0.3027,0.6135,0.4735,0.3953,0.3047,4.017,5.1891,5.0999,5.0996,2.737,1.8508,1.4311,1.1963,1.0554,0.9707,0.9313,4.9138,10.9099,2.683,1.8212,1.7671,1.7877,1.9086,4.4985,10.8741,5.8005
16,249,3.008389061199818,2.4004636910270527,1.5684,3.0774807929992676,4.210935592651367,1.8118,0.121856,-0.04943,0.243113,-0.017405,0.3027,True,-8.4e-05,-5e-05,-0.000122,-0.05,5.8005,5.8274,6.0663,2.0884,2.088,5.7003,5.2347,4.9799,4.8912,0.624,0.3027,0.6135,0.4735,0.3953,0.3047,4.0172,5.1891,5.0999,5.0996,2.7367,1.8507,1.4311,1.1963,1.0554,0.9707,0.9313,4.9138,10.9099,2.6827,1.821,1.767,1.7877,1.9087,4.4985,10.874,5.8005
16,250,3.008420029643255,2.4004569231341226,1.5684,3.0774807929992676,4.210935592651367,1.8118,0.121665,-0.049412,0.242419,-0.017398,0.3026,True,-2.6e-05,-4.8e-05,-0.000122,-0.05,5.8005,5.8274,6.0663,2.0884,2.088,5.7002,5.2346,4.9799,4.8911,0.6239,0.3026,0.6135,0.4734,0.3953,0.3047,4.0174,5.1891,5.0999,5.0997,2.7366,1.8507,1.4311,1.1963,1.0554,0.9707,0.9313,4.9138,10.9099,2.6825,1.8209,1.7669,1.7876,1.9088,4.4984,10.874,5.8005
16,251,3.0084504780441006,2.4004540335486997,1.5684,3.0774807929992676,4.210935592651367,1.8118,0.122321,-0.049551,0.244804,-0.017447,0.3026,True,-0.000146,-4.9e-05,-0.000123,-0.05,5.8004,5.8275,6.0664,2.0884,2.088,5.7,5.2345,4.9798,4.8911,0.6238,0.3026,0.6135,0.4734,0.3953,0.3047,4.0177,5.1891,5.0999,5.0997,2.7363,1.8505,1.431,1.1963,1.0554,0.9707,0.9313,4.9138,10.91,2.6821,1.8208,1.7667,1.7875,1.9089,4.4983,10.8739,5.8005
16,252,3.0084847155157877,2.4004429843401143,1.5685,3.0774807929992676,4.210935592651367,1.8118,0.121834,-0.049432,0.243032,-0.017406,0.3026,True,-6.5e-05,-5.2e-05,-0.000122,-0.05,5.8004,5.8275,6.0665,2.0884,2.0879,5.6999,5.2344,4.9798,4.8911,0.6237,0.3026,0.6134,0.4734,0.3953,0.3047,4.0178,5.189,5.0999,5.0997,2.7361,1.8505,1.431,1.1963,1.0554,0.9707,0.9313,4.9138,10.91,2.6819,1.8207,1.7666,1.7875,1.909,4.4982,10.8738,5.8005
16,253,3.008518255651657,2.4004373882721284,1.5685,3.0774807929992676,4.210935592651367,1.8118,0.121853,-0.049443,0.243101,-0.017409,0.3026,True,-9.6e-05,-4e-05,-0.000122,-0.05,5.8004,5.8275,6.0666,2.0883,2.0879,5.6997,5.2343,4.9797,4.8911,0.6236,0.3026,0.6134,0.4734,0.3953,0.3047,4.018,5.189,5.0999,5.0997,2.7359,1.8504,1.431,1.1963,1.0554,0.9707,0.9313,4.9139,10.91,2.6816,1.8206,1.7665,1.7874,1.9091,4.4982,10.8737,5.8005
16,254,3.008549115003795,2.4004297884542085,1.5685,3.0774807929992676,4.210935592651367,1.8118,0.121857,-0.049445,0.243115,-0.01741,0.3026,True,-7.1e-05,-4e-05,-0.000122,-0.05,5.8004,5.8276,6.0666,2.0883,2.0879,5.6996,5.2342,4.9797,4.891,0.6235,0.3026,0.6134,0.4734,0.3953,0.3046,4.0182,5.189,5.0999,5.0997,2.7357,1.8503,1.4309,1.1963,1.0554,0.9707,0.9314,4.9139,10.91,2.6814,1.8204,1.7664,1.7873,1.9092,4.4981,10.8737,5.8005
16,255,3.0085812560745464,2.400423842174967,1.5686,3.0774807929992676,4.210935592651367,1.8118,0.121865,-0.049456,0.243145,-0.017414,0.3026,True,-7.2e-05,-6e-05,-0.000122,-0.05,5.8004,5.8276,6.0667,2.0883,2.0879,5.6995,5.2342,4.9796,4.891,0.6234,0.3026,0.6134,0.4734,0.3953,0.3046,4.0184,5.189,5.0999,5.0997,2.7355,1.8503,1.4309,1.1963,1.0554,0.9707,0.9314,4.9139,10.91,2.6811,1.8203,1.7663,1.7873,1.9093,4.498,10.8736,5.8005
16,256,3.008610407439101,2.400417914154436,1.5686,3.0774807929992676,4.210935592651367,1.8118,0.121846,-0.049452,0.243075,-0.017413,0.3026,True,-6.1e-05,-4.6e-05,-0.000122,-0.05,5.8004,5.8277,6.0668,2.0883,2.0879,5.6993,5.2341,4.9796,4.891,0.6234,0.3026,0.6134,0.4734,0.3953,0.3046,4.0186,5.1889,5.0999,5.0997,2.7353,1.8502,1.4309,1.1963,1.0554,0.9708,0.9314,4.9139,10.9101,2.6808,1.8202,1.7662,1.7872,1.9094,4.4979,10.8735,5.8005
16,257,3.0086418995475266,2.4004126301590425,1.5686,3.0774807929992676,4.210935592651367,1.8118,0.121687,-0.049444,0.242497,-0.01741,0.3026,True,-0.000103,-4.9e-05,-0.000122,-0.05,5.8004,5.8277,6.0668,2.0882,2.0879,5.6992,5.234,4.9795,4.891,0.6233,0.3026,0.6133,0.4734,0.3953,0.3046,4.0188,5.1889,5.0999,5.0997,2.7351,1.8501,1.4308,1.1962,1.0554,0.9708,0.9314,4.9139,10.9101,2.6805,1.8201,1.7661,1.7871,1.9095,4.4979,10.8735,5.8004
16,258,3.0086705212592793,2.400404657074529,1.5687,3.0774807929992676,4.210935592651367,1.8118,0.121842,-0.049459,0.243063,-0.017415,0.3026,True,-1.7e-05,-3.4e-05,-0.000122,-0.05,5.8004,5.8277,6.0669,2.0882,2.0879,5.6991,5.2339,4.9795,4.891,0.6232,0.3026,0.6133,0.4734,0.3953,0.3046,4.019,5.1889,5.0999,5.0997,2.7349,1.8501,1.4308,1.1962,1.0554,0.9708,0.9314,4.9139,10.9101,2.6803,1.82,1.766,1.7871,1.9096,4.4978,10.8734,5.8004
16,259,3.008701079041787,2.4004023442481306,1.5687,3.0774807929992676,4.210935592651367,1.8118,0.122323,-0.049581,0.244813,-0.017458,0.3026,True,-0.000133,-5.1e-05,-0.000123,-0.05,5.8004,5.8278,6.0669,2.0882,2.0879,5.699,5.2338,4.9794,4.891,0.6231,0.3026,0.6133,0.4734,0.3953,0.3046,4.0192,5.1889,5.0999,5.0997,2.7347,1.85,1.4308,1.1962,1.0554,0.9708,0.9314,4.9139,10.9101,2.68,1.8199,1.7659,1.787,1.9097,4.4977,10.8733,5.8004
18,240,2.1140028932415693,2.5311907594432306,2.3975,0.9785416126251221,3.974982976913452,1.8368,0.199557,-0.311886,0.525662,-0.109819,0.3024,True,0.299666,-0.017379,-0.004864,-0.05,3.0007,3.0013,6.2919,6.1129,1.3983,1.405,5.2632,0.3169,0.3024,0.4314,0.5396,0.3062,0.4195,1.7489,5.1222,5.3152,5.7042,5.1514,4.4682,4.0542,3.8171,3.7133,3.7094,3.2948,2.0762,1.5502,1.2677,1.1007,0.9996,0.9661,1.3176,1.3149,5.9301,6.2242,6.4341,7.1912
18,241,2.092791490915964,2.5399691876330874,2.3802,0.9785416126251221,3.974982976913452,1.8168,0.33,-0.020479,1.0,-0.007211,0.3022,True,0.279568,-0.000796,-2.1e-05,-0.05,3.0364,3.0198,6.3444,6.1395,1.4129,1.4167,5.4834,0.3041,0.3813,0.443,0.5487,0.3022,0.4437,1.445,5.0969,5.2679,5.6285,5.2426,4.5178,4.0785,3.8234,3.7047,3.6953,9.7403,2.2043,1.621,1.3135,1.1332,1.0238,0.9755,1.1978,1.3278,5.9381,6.2266,6.378,7.0908
18,242,2.0712805375228465,2.5469202029661355,2.3578,0.9785416126251221,3.974982976913452,1.7982,0.33,-0.234613,1.0,-0.08261,0.3005,True,0.428419,-0.008903,-0.002752,-0.05,3.0973,3.0483,6.4018,6.1733,1.4324,1.4353,5.6767,0.3005,0.4014,0.4637,0.5696,0.3044,0.4907,1.3718,5.0678,5.2195,5.5554,5.3178,4.5554,4.0935,3.8226,3.691,3.6748,9.702,2.3508,1.7039,1.3696,1.1745,1.0563,0.987,1.03,1.3482,5.9591,6.2434,6.3413,7.0173
18,243,2.044502115543278,2.562442971332085,2.3387,0.9785416126251221,3.974982976913452,1.7696,0.269281,-0.284163,0.779203,-0.100057,0.3059,True,0.33924,0.027411,-0.004037,-0.05,3.2152,3.0719,6.4681,6.2098,1.4492,1.4503,0.3581,0.3059,0.4155,0.4767,0.3068,0.3278,0.5108,1.2417,5.0418,5.1704,5.4773,5.4311,4.6169,4.1245,3.8327,3.6845,3.6556,9.6683,2.5335,1.8009,1.4309,1.2178,1.0889,1.0126,1.0022,1.3659,5.9879,6.3672,6.2929,6.9256
18,244,2.0210437007121733,2.5731275670231284,2.3147,0.9785416126251221,3.974982976913452,1.747,0.318869,-0.142979,0.959524,-0.050345,0.3038,True,0.391975,-0.0109,-0.001022,-0.05,7.7452,3.0974,6.5316,6.2469,1.466,1.4665,0.3219,0.3078,0.4307,0.4913,0.3038,0.3523,0.535,1.1866,5.0175,5.1267,5.4096,5.5308,4.6697,4.1502,3.8402,3.6778,3.636,9.6412,2.7209,1.8993,1.4938,1.2627,1.1233,1.0402,1.0141,1.3856,1.3868,6.0266,6.3062,6.8573
18,245,1.9971713600219259,2.5879784933152425,2.2944,0.9785416126251221,3.974982976913452,1.7209,0.242844,-0.279379,0.683069,-0.098373,0.3061,True,0.340134,0.01166,-0.003903,-0.05,7.6327,3.1205,6.5962,6.2846,6.1812,1.4811,0.3161,0.4073,0.4431,0.5027,0.3061,0.3706,0.5498,1.1317,4.9964,5.0866,5.3463,5.6412,4.7292,4.1809,3.8518,3.6748,3.6211,9.6205,2.9269,2.003,1.5586,1.3083,1.1577,1.0674,1.0298,1.4042,1.4045,6.0417,6.3184,6.7924
18,246,1.976353348724707,2.6008539661279264,2.2743,0.9785416126251221,3.974982976913452,1.6982,0.299472,-0.044351,0.888989,-0.015616,0.3061,True,0.397566,-0.000115,-9.8e-05,-0.05,7.5637,3.1458,3.3716,6.3192,6.1987,1.4973,0.3156,0.4222,0.4579,0.5174,0.3061,0.3932,0.5744,1.1287,4.9752,5.0516,5.2946,5.7192,4.7687,4.1991,3.8561,3.6685,3.6046,4.9027,3.1155,2.0988,1.6197,1.3523,1.1919,1.0954,1.0464,1.2085,1.4248,6.0619,6.3477,6.7557
18,247,1.9552099752280443,2.618273368099143,2.2595,0.9785416126251221,3.974982976913452,1.6717,0.162281,-0.307728,0.390112,-0.108355,0.3001,True,0.354267,-0.029767,-0.004735,-0.05,7.5059,3.17,3.2812,6.3518,6.2158,0.3993,0.3199,0.4357,0.4712,0.3001,0.3236,0.4128,0.595,1.1266,4.9556,5.0202,5.2483,5.6797,4.8062,4.2165,3.8607,3.6634,3.5895,4.8882,3.3037,2.1922,1.6787,1.3946,1.2247,1.1222,1.0656,1.062,1.4445,6.0688,6.3801,6.7256
18,248,1.937125381220818,2.634366045517285,2.2476,0.9785416126251221,3.974982976913452,1.6481,0.215244,-0.129415,0.582705,-0.045569,0.3009,True,0.307139,0.004162,-0.000837,-0.05,7.4891,3.1895,3.2818,6.3737,6.2301,0.334,0.4295,0.4482,0.484,0.3009,0.3406,0.433,0.6204,1.1558,4.9386,4.9979,5.2187,5.6401,4.8168,4.2184,3.8569,3.6553,3.5775,3.5758,9.6958,2.2547,1.72,1.4254,1.2496,1.1434,1.0844,1.0772,1.4615,6.1004,6.3884,6.7208
18,249,1.9223453071042025,2.648974371681849,2.239,0.9785416126251221,3.974982976913452,1.6276,0.282709,0.580469,0.828035,0.204391,0.3021,True,0.110214,0.005888,-0.016847,-0.05,7.342,3.1965,3.22,6.4182,6.2426,0.3383,0.4308,0.4473,0.4803,0.3021,0.3346,0.4197,0.5869,1.0279,4.7119,4.9695,5.1627,5.5477,4.9378,4.2907,3.8988,3.6753,3.5794,3.5726,9.6541,2.3984,1.7982,1.4743,1.2824,1.1662,1.1001,1.0847,1.4703,6.0963,6.411,6.6307
18,250,1.9113117274768874,2.650165899768197,2.2113,0.9785416126251221,3.974982976913452,1.6202,0.24036,0.747724,0.674037,0.263283,0.3039,True,0.064956,0.008958,-0.027955,-0.05,7.2576,3.2001,3.2058,6.4473,6.252,0.3497,0.4312,0.4463,0.4776,0.3039,0.3304,0.4113,0.5675,0.9624,3.5174,4.9548,5.1316,5.4954,5.0171,4.3383,3.9268,3.6895,3.5824,3.5714,9.6331,2.4934,1.8484,1.5051,1.3028,1.1802,1.1097,1.0895,1.4751,6.1022,6.4183,6.5792
18,251,1.905032516965643,2.651049041388743,2.1953,0.9785416126251221,3.974982976913452,1.6159,0.191857,0.785524,0.497661,0.276593,0.3022,True,0.038885,-0.008589,-0.030852,-0.05,7.2099,3.2048,3.2032,6.4653,6.2582,0.3595,0.4314,0.4457,0.4761,0.3022,0.328,0.4065,0.5567,0.9278,3.0642,4.9468,5.1141,5.4658,5.0657,4.3674,3.9441,3.6985,3.5847,3.5712,9.6221,2.5528,1.8793,1.5238,1.3152,1.1887,1.1155,1.0942,1.4779,6.115,6.4267,6.5501
18,252,1.9012552618262644,2.6515727004134293,2.1857,0.9785416126251221,3.974982976913452,1.6133,0.190746,0.789593,0.493622,0.278026,0.3009,True,0.031664,-0.006568,-0.031173,-0.05,7.1722,3.2116,3.2041,6.4806,6.2639,0.3681,0.4317,0.4454,0.4749,0.3009,0.3262,0.4028,0.5483,0.9018,2.7748,4.9405,5.1002,5.4422,5.1064,4.3917,3.9585,3.7061,3.5868,3.5702,9.6138,2.6036,1.9055,1.5397,1.3256,1.1959,1.1204,1.0949,1.4804,6.1071,6.4229,6.5272
18,253,1.8982705846646233,2.6520668697738228,2.1782,0.9785416126251221,3.974982976913452,1.6112,0.186071,0.808198,0.476622,0.284577,0.3045,True,0.020684,0.017977,-0.032659,-0.05,7.1501,3.2168,3.2056,6.4897,6.2673,0.3773,0.4317,0.445,0.4741,0.3045,0.3249,0.4005,0.5433,0.8867,2.6276,4.9371,5.0923,5.4286,5.131,4.4065,3.9673,3.7108,3.5883,3.5701,9.6093,2.6341,1.9211,1.549,1.3317,1.2,1.1233,1.0971,1.4817,6.125,6.411,6.5138
18,254,1.8962701613833368,2.6523563649643336,2.1729,0.9785416126251221,3.974982976913452,1.6098,0.188767,0.80111,0.486424,0.282081,0.3032,True,0.029815,-0.00657,-0.032089,-0.05,7.1151,3.2278,3.2074,6.5052,6.2733,0.3912,0.432,0.4447,0.473,0.3032,0.3232,0.397,0.5357,0.8639,2.4204,4.9315,5.0794,5.4066,5.1718,4.4308,3.9818,3.7185,3.5907,3.5701,9.6023,2.6862,1.9475,1.5649,1.3422,1.2072,1.1282,1.0977,1.484,1.4896,6.4411,6.4927
18,255,1.8935199153522861,2.652868802860052,2.166,0.9785416126251221,3.974982976913452,1.6078,0.196888,0.707659,0.515955,0.249176,0.3016,True,0.037271,-0.007902,-0.025039,-0.05,7.0786,3.2428,3.2086,6.5218,6.28,0.4187,0.4322,0.4442,0.4717,0.3016,0.3212,0.3932,0.5276,0.8405,2.2333,4.9262,5.0664,5.384,5.2163,4.4574,3.9977,3.7272,3.5937,3.5691,9.5957,2.7431,1.9759,1.5818,1.3532,1.2147,1.1333,1.1016,1.4864,1.4909,6.42,6.4703
18,256,1.8899890489730908,2.6534494410131666,2.1568,0.9785416126251221,3.974982976913452,1.6054,0.233636,0.735256,0.649587,0.258893,0.3035,True,0.049937,0.009394,-0.02703,-0.05,7.022,3.2765,3.2111,6.5495,6.2914,0.432,0.4324,0.4434,0.4696,0.3035,0.318,0.3872,0.5151,0.8058,1.9888,4.9184,5.0466,5.3492,5.2898,4.5011,4.024,3.7417,3.599,3.5684,9.5865,2.8385,2.0228,1.6094,1.3711,1.2268,1.1416,1.1044,1.4899,1.4931,6.5396,6.4363
18,257,1.8851514172451764,2.654161984654112,2.1436,0.9785416126251221,3.974982976913452,1.602,0.201579,0.698796,0.533016,0.246055,0.3009,True,0.04391,-0.012662,-0.024416,-0.05,6.9744,3.3219,3.2145,6.5745,6.3021,0.4322,0.4324,0.4425,0.4677,0.3009,0.315,0.3819,0.5043,0.7772,1.8145,4.9124,5.0301,5.32,5.3567,4.541,4.0481,3.7552,3.6043,3.568,9.5801,2.9271,2.0655,1.6343,1.3871,1.2376,1.1489,1.1064,1.391,1.4951,6.1533,6.4452
18,258,1.8808678472092828,2.6547761775438077,2.1322,0.9785416126251221,3.974982976913452,1.5991,0.236703,0.752927,0.66074,0.265115,0.3021,True,0.067657,0.005945,-0.028345,-0.05,6.9179,7.8798,3.2181,6.61,6.3198,0.3421,0.4358,0.4448,0.4689,0.3021,0.3159,0.3809,0.4988,0.7557,1.6638,4.9068,5.0119,5.2865,5.4365,4.5872,4.0749,3.7691,3.6084,3.5651,9.5713,3.0407,2.1193,1.6651,1.4066,1.2506,1.1576,1.1089,1.2211,1.4972,6.1371,6.4211
18,259,1.8765395708411328,2.65728302214697,2.1183,0.9785416126251221,3.974982976913452,1.5946,0.157538,0.731841,0.372864,0.25769,0.3034,True,0.041844,0.006589,-0.02678,-0.05,6.8802,7.8166,3.2212,6.6359,6.3334,1.5386,0.4385,0.4469,0.4702,0.3034,0.317,0.3809,0.496,0.7435,1.5799,4.904,5.0006,5.265,5.4925,4.6195,4.0937,3.7789,3.6115,3.5623,9.5667,3.1224,2.156,1.6858,1.4195,1.259,1.163,1.1122,1.1244,1.4984,6.1267,6.4458
18,260,1.87331598196035,2.6584635250263027,2.1091,0.9785416126251221,3.974982976913452,1.5918,0.150449,0.702541,0.347086,0.247374,0.3003,True,0.028452,-0.015701,-0.024678,-0.05,6.8536,7.772,3.2238,6.6553,6.3436,1.5407,0.4405,0.4483,0.4711,0.3003,0.3177,0.3808,0.494,0.7348,1.5245,4.9019,4.9923,5.2493,5.5347,4.6437,4.1079,3.7865,3.614,3.5609,4.8619,3.1859,2.1848,1.702,1.4297,1.2658,1.1676,1.1151,1.1119,1.4997,6.1422,6.4281
18,261,1.8708347967086927,2.659071690809646,2.1033,0.9785416126251221,3.974982976913452,1.5899,0.151419,0.447068,0.350616,0.157418,0.3011,True,0.042976,0.004131,-0.009993,-0.05,6.8282,7.7293,3.2268,6.6743,6.3538,1.5427,0.4423,0.4497,0.4719,0.3011,0.3183,0.3806,0.4919,0.7266,1.4751,4.9006,4.9849,5.2349,5.5764,4.6677,4.1219,3.7941,3.6168,3.5591,4.86,3.2492,2.213,1.7176,1.4394,1.2721,1.1717,1.1176,1.1143,1.5007,6.1347,6.46
18,262,1.8678171630973819,2.6604882549892674,2.0949,0.9785416126251221,3.974982976913452,1.587,0.208158,0.536365,0.556939,0.188861,0.3021,True,0.076182,0.00486,-0.014384,-0.05,6.7623,7.619,3.2354,6.7357,6.3922,1.5546,0.4523,0.4585,0.4797,0.3021,0.3265,0.3882,0.4972,0.7221,1.3961,4.9018,4.9704,5.202,5.6368,4.7282,4.1569,3.8126,3.6231,3.555,3.5542,6.01,2.2871,1.7574,1.4632,1.287,1.1808,1.1225,1.1126,1.5018,6.1373,6.4621
18,263,1.8638531818447017,2.663939101740766,2.0777,0.9785416126251221,3.974982976913452,1.582,0.237277,0.532047,0.662825,0.187341,0.3005,True,0.108009,-0.008096,-0.014154,-0.05,6.6821,7.4829,3.2502,3.3143,6.4582,1.5756,0.468,0.4729,0.3005,0.3033,0.3404,0.4019,0.5094,0.7259,1.3327,4.9057,4.9559,5.1637,5.567,4.8131,4.2081,3.8424,3.6373,3.5561,3.5532,3.4719,2.3967,1.8152,1.4976,1.3086,1.1943,1.1301,1.1129,1.5041,6.1589,6.4507
18,264,1.8587172135712215,2.6691601726654692,2.0545,0.9785416126251221,3.974982976913452,1.5748,0.306471,0.472417,0.914442,0.166344,0.3001,True,0.159649,-0.002078,-0.011159,-0.05,6.5807,7.3068,3.2805,3.2824,12.0,12.0,0.4957,0.3001,0.3057,0.328,0.3658,0.4282,0.5361,0.7473,1.298,4.9146,4.9431,5.1173,5.4775,4.9474,4.2939,3.3702,2.8152,2.4822,2.2819,2.1729,2.1361,1.9105,1.554,1.3442,1.2171,1.1438,1.1169,1.509,6.1507,6.4653
18,265,1.8508911969248156,2.676722397197271,2.0236,0.9785416126251221,3.974982976913452,1.5641,0.147823,0.147748,0.337538,0.052024,0.3229,True,0.159992,0.114044,-0.001091,-0.05,6.497,7.1561,3.3729,3.3211,12.0,12.0,0.3229,0.3243,0.3352,0.3581,0.3974,0.4622,0.5732,0.7859,1.3136,4.9257,4.9389,5.0811,5.4016,4.759,3.2134,2.4829,2.0746,1.8295,1.6822,1.6021,1.5751,1.5751,1.6019,1.3842,1.2431,1.1603,1.1198,1.3582,1.5202,6.4879
18,266,1.8427899125096867,2.68413179436189,1.9968,0.9785416126251221,3.974982976913452,1.5535,0.140809,0.121114,0.312035,0.042646,0.3535,True,0.133413,0.153032,-0.000733,-0.05,6.489,7.0517,12.0,12.0,12.0,12.0,0.3535,0.3546,0.3657,0.3897,0.4313,0.4998,0.6167,0.8382,1.3735,12.0,4.9427,5.0604,5.3512,3.8848,2.6259,2.03,1.6967,1.4967,1.3765,1.3111,1.2893,1.2893,1.3115,1.3772,1.2657,1.1748,1.1282,1.1234,1.5231,8.0005
18,267,1.8359490590179424,2.690257339277671,1.9778,0.9785416126251221,3.974982976913452,1.5446,0.11179,-0.048697,0.20651,-0.017147,0.3812,False,0.114356,0.138799,-0.000119,0.0,6.493,6.9743,12.0,12.0,12.0,12.0,0.3812,0.3821,0.3934,0.4187,0.4625,0.5348,0.6577,0.8892,1.4397,12.0,4.9615,5.0464,5.3139,3.4003,2.2983,1.7767,1.485,1.3099,1.2047,1.1475,1.1284,1.1284,1.1478,1.2053,1.2859,1.1881,1.1363,1.1282,1.5268,6.2088
18,268,1.8296963881894939,2.6952523188359336,1.9632,0.9785416126251221,3.974982976913452,1.5369,0.091291,-0.078878,0.131966,-0.027774,0.4104,False,0.115442,0.145751,-0.000311,0.0,6.5058,6.9155,12.0,12.0,12.0,12.0,0.4104,0.4109,0.4228,0.4496,0.4963,0.5732,0.7037,0.9488,1.5274,12.0,4.9773,5.0376,5.2863,3.0582,2.069,1.6003,1.338,1.1805,1.0859,1.0345,1.0174,1.0175,1.0351,1.0872,1.1828,1.1999,1.1437,1.1321,1.5308,6.2004
18,269,1.8225019478835596,2.6997150567410833,1.9513,0.9785416126251221,3.974982976913452,1.5292,0.100622,-0.072574,0.1659,-0.025554,0.4332,True,0.116284,0.114022,-0.000263,0.0,6.5347,12.0,12.0,12.0,12.0,12.0,0.4332,0.4337,0.4462,0.4744,0.5235,0.6044,0.7417,0.9993,1.6059,12.0,4.9812,5.0285,5.2654,2.8051,1.9103,1.4826,1.2424,1.098,1.0113,0.9646,0.9497,0.9499,0.9674,1.0173,1.1082,1.2111,1.1518,1.137,1.5367,0.5013
21,225,-4.240120023327616,0.042999403965371094,-2.5266,-4.2812299728393555,-1.3720703125,1.4157,0.079421,0.165142,0.088803,0.058148,0.301,True,0.041076,-0.001784,-0.001364,-0.05,7.902,4.0406,4.3142,3.2107,3.1048,3.0888,3.1016,3.2012,3.4152,0.3026,0.6235,0.6961,0.7089,0.6523,0.301,0.3121,3.4574,3.6911,3.868,3.3292,3.0026,2.8126,2.7233,2.7112,2.7243,2.8154,3.0079,3.7651,9.1463,8.2561,5.5626,5.4917,12.0,5.0312,2.6292,2.6352
21,226,-4.23953868655029,0.040242793038390096,-2.5316,-4.2812299728393555,-1.3720703125,1.4129,0.076264,0.161374,0.077325,0.056822,0.3038,True,0.037922,0.014043,-0.001302,-0.05,7.8766,4.0569,4.2861,3.2161,3.1074,3.0898,3.1013,3.1982,3.4088,0.3038,0.6221,0.6954,0.7092,0.6533,0.5351,0.3104,3.4523,3.6822,3.8853,3.3393,3.0083,2.8152,2.7235,2.7102,2.722,2.8107,3.0,3.748,9.1778,8.2752,5.5704,5.498,12.0,5.1265,2.6305,2.6332
21,227,-4.2389982120135175,0.037697499501101434,-2.5363,-4.2812299728393555,-1.3720703125,1.4104,0.075121,0.160395,0.073168,0.056477,0.305,True,0.036849,0.006071,-0.001286,-0.05,7.8524,4.0621,4.2595,3.2214,3.1099,3.0909,3.1011,3.1954,3.4026,0.305,0.6208,0.6947,0.7096,0.6543,0.5373,0.3087,3.4476,3.6738,3.9022,3.3491,3.0139,2.8179,2.7238,2.7092,2.7199,2.8062,2.9925,3.7499,9.2085,8.2939,7.9874,5.4833,12.0,5.2222,2.6327,2.6322
21,228,-4.238486019028827,0.03522435119520474,-2.5408,-4.2812299728393555,-1.3720703125,1.4079,0.082155,0.174515,0.098744,0.061449,0.3063,True,0.039764,0.006627,-0.001523,-0.05,3.7132,4.0374,4.2315,3.2272,3.1126,3.0919,3.101,3.1924,3.3962,0.3063,0.6193,0.694,0.7099,0.6553,0.5396,0.307,3.4426,3.6649,3.9206,3.3597,3.0199,2.8207,2.7242,2.7082,2.7177,2.8015,2.9845,3.7718,9.2418,8.3142,8.0029,5.4895,12.0,5.285,2.636,2.6321
21,229,-4.237945610682478,0.032555612814797324,-2.5457,-4.2812299728393555,-1.3720703125,1.4053,0.068745,0.183672,0.049983,0.064673,0.3058,True,0.03027,-0.002786,-0.001687,-0.05,3.7043,4.0468,4.2104,3.2317,3.1149,3.0927,3.101,3.1902,3.3914,0.3073,0.6183,0.6935,0.7102,0.656,0.5412,0.3058,3.4388,3.6582,3.9347,3.3679,3.0246,2.8229,2.7245,2.7074,2.716,2.7978,2.9784,3.7585,9.2676,8.33,8.015,5.4943,12.0,5.3014,2.6392,2.6327
21,230,-4.237579613466542,0.030525334002985557,-2.5493,-4.2812299728393555,-1.3720703125,1.4033,0.065284,0.177467,0.037397,0.062488,0.3047,True,0.026893,-0.005386,-0.001575,-0.05,3.6966,4.0582,4.1921,3.2357,3.1169,3.0934,3.101,3.1884,3.3872,0.3082,0.6173,0.693,0.7104,0.6566,0.5427,0.3047,3.4355,3.6523,3.9474,3.3753,3.0287,2.8249,2.7247,2.7066,2.7146,2.7947,2.9732,3.7466,9.2906,8.344,8.0257,5.4987,12.0,5.2979,2.6426,2.6338
21,231,-4.237248314646955,0.02872123453621793,-2.5526,-4.2812299728393555,-1.3720703125,1.4015,0.066283,0.182171,0.041027,0.064145,0.3036,True,0.026635,-0.00536,-0.001659,-0.05,3.6891,4.0695,4.1742,3.2397,3.1189,3.0942,3.101,3.1865,3.3831,0.3091,0.6164,0.6925,0.7106,0.6573,0.5441,0.3036,3.4323,3.6466,3.96,3.3826,3.0329,2.8269,2.7251,2.7059,2.7132,2.7916,2.968,3.7426,9.3135,8.358,7.9823,5.4931,12.0,5.2945,2.6465,2.6352
21,232,-4.236913969193829,0.026934133973202046,-2.5558,-4.2812299728393555,-1.3720703125,1.3997,0.06567,0.182127,0.0388,0.064129,0.3028,True,0.026611,-0.004365,-0.001659,-0.05,3.682,4.0618,4.1574,3.2436,3.1208,3.095,3.1011,3.1849,3.3793,0.3099,0.6155,0.692,0.7108,0.6578,0.5453,0.3028,3.4292,3.6411,3.9721,3.3895,3.0368,2.8288,2.7253,2.7051,2.7118,2.7887,2.9631,3.7564,9.3356,8.3715,7.992,5.4863,12.0,5.2913,2.6508,2.6355
21,233,-4.236635913448277,0.025150337296691833,-2.5589,-4.2812299728393555,-1.3720703125,1.3979,0.063581,0.17766,0.031203,0.062556,0.3019,True,0.025415,-0.004129,-0.001578,-0.05,3.6752,4.0468,4.1414,3.2474,3.1228,3.0957,3.1013,3.1833,3.3757,0.3107,0.6148,0.6916,0.7109,0.6583,0.5465,0.3019,3.4263,3.636,3.9838,3.3963,3.0406,2.8307,2.7256,2.7044,2.7106,2.7859,2.9584,3.7698,9.3569,8.3845,8.0015,5.4902,12.0,5.2883,2.6554,2.6356
21,234,-4.236365966071164,0.023446513555574255,-2.5619,-4.2812299728393555,-1.3720703125,1.3962,0.060333,0.171815,0.019393,0.060498,0.3002,True,0.023958,-0.00856,-0.001476,-0.05,3.6691,4.0446,4.1268,3.251,3.1246,3.0963,3.1015,3.182,3.3725,0.3002,0.6141,0.6913,0.7111,0.6588,0.5475,0.3012,3.4237,3.6312,3.9946,3.4025,3.0442,2.8323,2.7259,2.7037,2.7094,2.7833,2.9541,3.7609,9.3768,8.3967,8.0103,5.4937,12.0,5.3006,2.6602,2.636
21,235,-4.23614959885049,0.021841483632483824,-2.5646,-4.2812299728393555,-1.3720703125,1.3946,0.066374,0.186826,0.041361,0.065784,0.3004,True,0.025897,0.00098,-0.001745,-0.05,3.6625,4.0549,4.1112,3.2548,3.1266,3.097,3.1017,3.1805,3.369,0.3008,0.6133,0.6909,0.7112,0.6593,0.5486,0.3004,3.4209,3.6261,3.987,3.4093,3.048,2.8342,2.7262,2.7031,2.7081,2.7805,2.9494,3.75,9.3984,8.4099,8.02,5.4977,12.0,5.3029,2.6659,2.6368
21,236,-4.23589116759967,0.02010571753387415,-2.5676,-4.2812299728393555,-1.3720703125,1.3929,0.066291,0.187537,0.041058,0.066034,0.3015,True,0.025971,0.005153,-0.001759,-0.05,3.6559,4.0653,4.0956,3.2588,3.1287,3.0978,3.1019,3.1791,3.3655,0.3015,0.6125,0.6905,0.7114,0.6598,0.5497,0.3106,3.4181,3.621,3.9787,3.4162,3.052,2.8361,2.7265,2.7023,2.7069,2.7778,2.9448,3.7391,3.8608,8.4234,8.0099,5.5017,12.0,5.2997,2.6723,2.638
21,237,-4.235632343012298,0.018364920645207325,-2.5706,-4.2812299728393555,-1.3720703125,1.3912,0.063287,0.112092,0.030134,0.039469,0.3023,True,0.032958,0.00403,-0.000628,-0.05,3.6477,4.0785,4.0763,3.2637,3.1313,3.0987,3.1022,3.1773,3.3611,0.3023,0.6115,0.6899,0.7116,0.6604,0.5511,0.3094,3.4146,3.6147,3.9684,3.425,3.057,2.8386,2.727,2.7013,2.7054,2.7744,2.9391,3.7505,3.8459,8.4405,7.9879,5.486,12.0,5.2958,2.6813,2.6392
21,238,-4.235319755492457,0.01615624858523146,-2.5744,-4.2812299728393555,-1.3720703125,1.389,0.066284,0.118756,0.041034,0.041816,0.3031,True,0.034116,0.004447,-0.000705,-0.05,3.639,4.0926,4.0559,3.2691,3.1341,3.0997,3.1026,3.1754,3.3565,0.3031,0.6104,0.6893,0.7118,0.6611,0.5526,0.3081,3.4109,3.608,3.9575,3.4346,3.0624,2.8413,2.7276,2.7004,2.7039,2.7709,2.933,3.7685,3.8303,8.4589,8.0006,5.4912,12.0,5.2917,2.6924,2.6392
21,239,-4.234984945372278,0.01386947604394051,-2.5784,-4.2812299728393555,-1.3720703125,1.3867,0.065932,0.118474,0.039752,0.041716,0.304,True,0.033997,0.004407,-0.000702,-0.05,3.6306,4.1067,4.0504,3.2744,3.1369,3.1006,3.103,3.1736,3.3521,0.304,0.6093,0.6888,0.712,0.6617,0.5541,0.3069,3.4074,3.6016,3.9469,3.444,3.0678,2.844,2.7282,2.6995,2.7025,2.7674,2.9272,3.7548,3.815,8.4772,8.0132,5.4963,12.0,5.3243,2.7052,2.6399
21,240,-4.234673177906222,0.01159131111687993,-2.5823,-4.2812299728393555,-1.3720703125,1.3844,0.065489,0.118382,0.038142,0.041684,0.3049,True,0.033549,0.004331,-0.000701,-0.05,3.6224,4.1208,4.0638,3.2797,3.1397,3.1015,3.1035,3.1719,3.3478,0.3049,0.6083,0.6882,0.7122,0.6623,0.5555,0.3057,3.4039,3.5952,3.9366,3.4535,3.0732,2.8467,2.7288,2.6986,2.701,2.7641,2.9214,3.7406,3.8002,8.4955,8.0259,5.5014,12.0,5.4285,2.7203,2.6412
21,241,-4.234369149897726,0.009343132713088773,-2.5862,-4.2812299728393555,-1.3720703125,1.3822,0.05778,0.101473,0.010108,0.03573,0.3046,True,0.029987,-0.001394,-0.000515,-0.05,3.6151,4.1337,4.0761,3.2846,3.1424,3.1023,3.104,3.1704,3.344,0.3057,0.6073,0.6877,0.7123,0.6629,0.5568,0.3046,3.4009,3.5895,3.9273,3.4622,3.0782,2.8492,2.7294,2.6977,2.6998,2.7611,2.9163,3.7444,3.7868,8.5123,7.9835,5.4857,12.0,5.5268,2.7371,2.643
21,242,-4.234111089702766,0.007334054120216732,-2.5897,-4.2812299728393555,-1.3720703125,1.3802,0.064549,0.118282,0.034725,0.041649,0.3035,True,0.032274,-0.005404,-0.0007,-0.05,3.6075,4.1473,4.0724,3.2898,3.1451,3.1033,3.1045,3.1688,3.34,0.3066,0.6063,0.6872,0.7125,0.6635,0.5581,0.3035,3.3977,3.5837,3.9177,3.4713,3.0834,2.8518,2.7301,2.6968,2.6986,2.758,2.9109,3.7608,3.773,8.53,7.9952,5.4904,12.0,5.6329,2.7597,2.6428
21,243,-4.233838740360699,0.005171848331262385,-2.5934,-4.2812299728393555,-1.3720703125,1.3781,0.05725,0.10162,0.008181,0.035782,0.3026,True,0.029078,-0.004821,-0.000516,-0.05,3.6006,4.16,4.0553,3.2946,3.1477,3.1041,3.105,3.1675,3.3364,0.3073,0.6053,0.6867,0.7126,0.664,0.5592,0.3026,3.3948,3.5783,3.9089,3.4798,3.0883,2.8543,2.7307,2.696,2.6974,2.7552,2.9061,3.7762,3.7603,8.5465,8.006,5.4947,12.0,5.7344,2.7918,2.6432
21,244,-4.233599812409605,0.0032239186598587433,-2.5967,-4.2812299728393555,-1.3720703125,1.3761,0.056603,0.101163,0.00583,0.035621,0.3017,True,0.028688,-0.004503,-0.000512,-0.05,3.594,4.1724,4.0566,3.2993,3.1503,3.1049,3.1056,3.1662,3.333,0.3081,0.6045,0.6862,0.7128,0.6645,0.5603,0.3017,3.3921,3.5732,3.9005,3.4881,3.0931,2.8567,2.7314,2.6952,2.6963,2.7525,2.9014,3.7912,3.7483,8.5626,8.0166,5.499,12.0,5.8358,3.6517,2.644
21,245,-4.233384807607003,0.0013027531709135093,-2.6,-4.2812299728393555,-1.3720703125,1.3742,0.054576,0.096523,-0.001543,0.033987,0.3008,True,0.027569,-0.004532,-0.000466,-0.05,3.5876,8.5791,4.0676,3.3039,3.1528,3.1056,3.1062,3.165,3.3297,0.3089,0.6036,0.6857,0.7129,0.665,0.5614,0.3008,3.3895,3.5683,3.8924,3.4963,3.0978,2.8591,2.732,2.6945,2.6953,2.7499,2.8969,3.8059,3.7366,8.5784,8.027,5.5033,12.0,5.9379,3.6845,2.6452
21,246,-4.233179369619901,-0.0005434734891885812,-2.6032,-4.2812299728393555,-1.3720703125,1.3724,0.054014,0.051941,-0.003586,0.018289,0.31,True,0.031808,0.046005,-0.000135,-0.05,3.58,8.5514,4.0808,3.3093,3.1557,3.1064,3.1067,3.1634,3.3256,0.31,0.6023,0.6851,0.7131,0.6657,0.563,0.3106,3.3864,3.5624,3.8828,3.5064,3.1036,2.8622,2.733,2.6937,2.6943,2.747,2.8917,3.8238,3.7472,8.5975,7.9856,5.4879,12.0,6.0643,3.7243,2.6466
21,247,-4.232860871982516,-0.0026765313079276237,-2.6071,-4.2812299728393555,-1.3720703125,1.3702,0.051366,0.046056,-0.013215,0.016217,0.309,True,0.030805,-0.004887,-0.000106,-0.05,3.5723,8.5235,4.0759,3.3149,3.1587,3.1072,3.1073,3.1618,3.3215,0.3112,0.6009,0.6843,0.7133,0.6664,0.5646,0.309,3.3833,3.5566,3.8732,3.5169,3.1097,2.8654,2.7341,2.6929,2.6934,2.7441,2.8866,3.8421,3.7646,8.6171,7.9978,5.4928,12.0,6.1986,3.7656,2.6464
21,248,-4.232544497626292,-0.004742736174021864,-2.611,-4.2812299728393555,-1.3720703125,1.3682,0.051233,0.047147,-0.013699,0.016601,0.301,True,0.030317,-0.040104,-0.000111,-0.05,3.5648,8.4964,4.0564,3.3204,3.1617,3.108,3.1079,3.1603,3.3175,0.301,0.5995,0.6836,0.7135,0.6672,0.5663,0.3074,3.3804,3.551,3.8638,3.5273,3.1158,2.8687,2.7352,2.6922,2.6925,2.7413,2.8816,3.8604,3.7536,8.6367,8.01,5.4977,12.0,6.336,3.807,2.6469
21,249,-4.2322411715865895,-0.006776013283423796,-2.6148,-4.2812299728393555,-1.3720703125,1.3662,0.051197,0.04799,-0.01383,0.016898,0.302,True,0.030013,0.005016,-0.000115,-0.05,3.5575,8.4699,4.0644,3.3259,3.1647,3.1088,3.1086,3.1588,3.3136,0.302,0.5981,0.6828,0.7136,0.6679,0.5678,0.3059,3.3776,3.5454,3.8546,3.5377,3.1219,2.8719,2.7364,2.6915,2.6916,2.7387,2.8767,3.8786,3.7399,8.6562,8.0222,5.5026,12.0,8.912,3.8488,2.6479
21,250,-4.231948724425154,-0.00878868681369982,-2.6185,-4.2812299728393555,-1.3720703125,1.3642,0.056958,0.063896,0.007118,0.022499,0.303,True,0.031696,0.005364,-0.000204,-0.05,3.55,8.4424,4.0779,3.3318,3.1678,3.1098,3.1093,3.1574,3.3096,0.303,0.5967,0.682,0.7138,0.6686,0.5695,0.3044,3.3746,3.5397,3.8451,3.5488,3.1283,2.8754,2.7377,2.6909,2.6908,2.7359,2.8716,3.898,3.7415,8.6768,7.9903,5.5079,12.0,8.9091,3.8937,2.6496
21,251,-4.231648315347066,-0.010914074225547729,-2.6225,-4.2812299728393555,-1.3720703125,1.3621,0.056714,0.063982,0.006232,0.022529,0.3028,True,0.031557,-0.001007,-0.000205,-0.05,3.5425,8.4152,4.0895,3.3377,3.1711,3.1107,3.11,3.1559,3.3056,0.3041,0.5952,0.6812,0.714,0.6693,0.5711,0.3028,3.3717,3.534,3.8357,3.56,3.1349,2.879,2.739,2.6903,2.69,2.7332,2.8666,3.9177,3.7591,8.6978,7.9939,5.4925,12.0,8.9116,3.9397,2.6496
21,252,-4.231357817357124,-0.01302992438330855,-2.6265,-4.2812299728393555,-1.3720703125,1.36,0.056357,0.064311,0.004934,0.022645,0.3014,True,0.031168,-0.007332,-0.000207,-0.05,3.5352,8.3887,4.0695,3.3436,3.1743,3.1117,3.1108,3.1546,3.3017,0.3053,0.5937,0.6804,0.7141,0.67,0.5727,0.3014,3.3689,3.5285,3.8265,3.5712,3.1414,2.8825,2.7403,2.6897,2.6893,2.7305,2.8618,3.9374,3.7559,8.7187,8.0064,5.4975,12.0,8.9194,3.9862,2.6499
21,253,-4.231079311586001,-0.015119489038404502,-2.6304,-4.2812299728393555,-1.3720703125,1.3579,0.055986,0.064483,0.003584,0.022705,0.3064,True,0.030745,0.02495,-0.000208,-0.05,3.5281,8.3628,4.0625,3.3495,3.1776,3.1128,3.1115,3.1533,3.298,0.3064,0.5923,0.6796,0.7143,0.6707,0.5742,0.3113,3.3662,3.5231,3.8175,3.5823,3.1479,2.8861,2.7417,2.6892,2.6886,2.728,2.857,3.957,3.742,8.7396,8.0188,5.5025,12.0,8.917,4.0332,2.6507
21,254,-4.230812771979405,-0.017180437323307846,-2.6343,-4.2812299728393555,-1.3720703125,1.3558,0.055685,0.064262,0.002492,0.022627,0.3075,True,0.030413,0.005641,-0.000206,-0.05,2.7801,8.3375,4.0755,3.3554,3.1808,3.1139,3.1122,3.152,3.2943,0.3075,0.5908,0.6789,0.7144,0.6714,0.5757,0.3097,3.3636,3.5178,3.8087,3.5935,3.1545,2.8896,2.7431,2.6888,2.6879,2.7255,2.8524,3.9767,3.7363,8.7604,8.0312,5.5076,12.0,8.9122,4.0807,2.6522
22,206,3.0321981661803137,-2.464838531344749,-1.3017,5.301045894622803,-3.990907669067383,2.7343,0.110847,0.096318,0.20308,0.033915,0.3016,True,0.03458,-0.00095,-0.000464,-0.05,3.9988,4.1485,4.8416,2.3865,2.2587,8.3784,11.0918,5.0438,5.062,5.2285,5.5825,0.3016,0.3415,0.423,0.5786,0.3053,0.5141,5.0735,5.2437,5.6028,4.775,4.1149,3.7149,3.4825,1.0651,1.0624,4.7857,4.9495,5.2922,5.8787,6.8463,6.3464,3.8365,5.7728,5.752,5.946
22,207,3.0347869792971727,-2.465120718840459,-1.3065,5.301045894622803,-3.990907669067383,2.732,0.106745,0.093504,0.188165,0.032924,0.3001,True,0.033052,-0.007452,-0.000437,-0.05,3.993,4.1405,4.8271,2.3951,2.2608,8.3836,11.0975,5.0435,5.0606,5.2227,5.5713,0.3014,0.3409,0.4214,0.5745,0.3001,0.4939,5.0705,5.2364,5.5898,4.7959,4.1273,3.7221,3.4862,1.0649,1.062,4.7829,4.9425,5.2799,5.8587,6.8135,6.3607,3.8353,5.7759,5.7532,5.9576
22,208,3.0372469182905233,-2.465412781890809,-1.3111,5.301045894622803,-3.990907669067383,2.7298,0.107193,0.093913,0.189791,0.033068,0.3012,True,0.032734,0.00552,-0.000441,-0.05,3.9871,4.1325,4.8125,2.4041,2.2679,8.3773,11.1036,5.0434,5.0592,5.2169,5.56,0.3012,0.3403,0.4198,0.5704,0.3377,0.4752,5.0676,5.2289,5.5768,4.8177,4.1402,3.7296,3.49,1.0647,1.0606,4.7801,4.9355,5.2675,5.8385,6.7805,6.3756,3.8356,5.7792,5.7546,5.9532
22,209,3.0396762637565797,-2.4657132109030737,-1.3156,5.301045894622803,-3.990907669067383,2.7276,0.107821,0.09256,0.192076,0.032592,0.301,True,0.032607,-0.000907,-0.000428,-0.05,4.0071,4.1249,4.7986,2.4127,2.2748,8.3771,11.1097,5.0467,5.058,5.2115,5.5493,0.301,0.3397,0.4183,0.5666,0.331,0.4591,5.0648,5.2219,5.5644,4.8389,4.1527,3.7369,3.4937,1.0645,1.0602,4.7775,4.9288,5.2558,5.8194,6.7492,6.39,3.8372,5.7825,5.7539,5.9491
22,210,3.0420900575453675,-2.466022357481917,-1.3201,5.301045894622803,-3.990907669067383,2.7255,0.108347,0.093031,0.19399,0.032757,0.3008,True,0.032226,-0.000949,-0.000433,-0.05,4.0011,4.1173,4.7847,2.4217,2.2623,8.3826,11.1161,5.0463,5.0568,5.206,5.5385,0.3008,0.3391,0.4168,0.5627,0.3246,0.4441,5.0622,5.2149,5.5519,4.8609,4.1657,3.7445,3.4976,1.0643,1.0598,4.7749,4.9222,5.244,5.8001,6.7177,6.405,3.8378,5.786,5.7551,5.9644
22,211,3.044469051389642,-2.466338341537199,-1.3246,5.301045894622803,-3.990907669067383,2.7233,0.107204,0.093654,0.189832,0.032977,0.3007,True,0.029903,-0.000809,-0.000439,-0.05,3.9959,4.1106,4.531,2.4298,2.264,8.3871,11.122,5.0461,5.0559,5.2013,5.529,0.3007,0.3386,0.4154,0.5594,0.3192,0.4319,5.0599,5.2087,5.5408,4.8808,4.1774,3.7514,3.5011,1.0642,1.0594,4.7728,4.9163,5.2335,5.7831,6.6899,6.4186,3.8371,5.7892,5.7562,5.9604
22,212,3.0466711490038247,-2.466640297322686,-1.3287,5.301045894622803,-3.990907669067383,2.7213,0.107513,0.094507,0.190955,0.033277,0.3005,True,0.033757,-0.000944,-0.000447,-0.05,3.99,4.103,4.5178,2.4392,2.2712,8.3807,11.129,5.0459,5.0549,5.1959,5.5183,0.3005,0.338,0.4139,0.5555,0.3134,0.419,5.0573,5.2017,5.5283,4.904,4.1911,3.7594,3.5053,1.0641,1.058,4.7704,4.9097,5.2217,5.7638,6.6583,6.4343,3.8377,5.793,5.7576,5.956
22,213,3.049150463212831,-2.466991591293307,-1.3334,5.301045894622803,-3.990907669067383,2.7191,0.106844,0.09511,0.188522,0.033489,0.3003,True,0.032529,-0.000882,-0.000452,-0.05,4.0099,4.0958,4.5053,2.4484,2.2781,2.5989,11.136,5.0459,5.0541,5.1908,5.508,0.3003,0.3375,0.4124,0.5519,0.3082,0.4077,5.055,5.1951,5.5165,4.9266,4.2044,3.7672,3.5094,1.064,1.0576,4.7681,4.9035,5.2104,5.7454,6.6284,6.4497,3.8396,5.7968,5.7569,5.9519
22,214,3.0515332539753164,-2.4673403044478768,-1.3378,5.301045894622803,-3.990907669067383,2.7169,0.125344,0.109737,0.255796,0.03864,0.3001,True,0.034259,-0.000919,-0.000602,-0.05,4.0038,4.0884,4.4923,2.4581,2.2667,2.5764,11.1436,5.0488,5.0533,5.1857,5.4975,0.3001,0.3369,0.411,0.5482,0.303,0.3967,5.0526,5.1883,5.5042,4.9507,4.2186,3.7755,3.5138,1.064,1.0572,4.7659,4.8971,5.1988,5.7265,6.5974,6.466,3.8394,3.9992,5.7582,5.967
22,215,3.05403604013959,-2.4677182699403772,-1.3425,5.301045894622803,-3.990907669067383,2.7146,0.122133,0.083553,0.244118,0.02942,0.3037,True,0.036193,0.018026,-0.000349,-0.05,3.9975,4.0808,4.479,2.4683,2.2688,2.5535,11.1517,5.0486,5.0526,5.1804,5.4867,0.3037,0.3363,0.4094,0.5445,0.3363,0.3862,5.0503,5.1814,5.4916,4.9761,4.2335,3.7843,3.5184,1.064,1.0558,4.7638,4.8906,5.1869,5.707,6.5657,6.4832,3.8391,3.9561,5.7596,5.9623
22,216,3.0566725619464097,-2.4681295517344912,-1.3475,5.301045894622803,-3.990907669067383,2.7122,0.123319,0.082317,0.248432,0.028985,0.3035,True,0.034776,-0.001123,-0.000339,-0.05,4.0016,4.0734,4.4661,2.4786,2.2763,2.5313,11.1601,5.0484,5.052,5.1753,5.4762,0.3035,0.3357,0.4079,0.5408,0.3296,0.3765,5.0481,5.1747,5.4793,5.0017,4.2486,3.7932,3.5231,1.064,1.0554,4.7617,4.8842,5.1753,5.688,6.5347,6.5006,3.8404,3.9279,5.7592,5.9578
22,217,3.0591987096065822,-2.4685360527603586,-1.3523,5.301045894622803,-3.990907669067383,2.7099,0.123205,0.081171,0.248019,0.028581,0.3033,True,0.035487,-0.001068,-0.000329,-0.05,4.0109,4.0663,4.4535,2.4888,2.2832,2.5099,11.1686,5.2005,5.0515,5.1705,5.466,0.3033,0.3351,0.4065,0.5373,0.3235,0.3678,5.0461,5.1682,5.4674,5.0272,4.2635,3.802,3.5279,1.064,1.055,4.7598,4.8781,5.1641,5.6695,6.5047,6.5178,3.842,3.9071,5.7604,5.9535
22,218,3.0617691073986895,-2.468962446815835,-1.3571,5.301045894622803,-3.990907669067383,2.7075,0.124318,0.080702,0.252066,0.028416,0.3031,True,0.033191,-0.001038,-0.000326,-0.05,4.0049,4.0595,4.4415,5.3437,2.2671,2.4896,8.5572,6.3488,5.0512,5.1659,5.4563,0.3031,0.3346,0.4051,0.5339,0.3179,0.3599,5.0442,5.162,5.456,5.0523,4.2783,3.8107,3.5325,1.0641,1.0537,4.7581,4.8723,5.1533,5.6518,6.4759,6.5348,3.841,3.8912,5.7617,5.9686
22,219,3.0641666580034648,-2.469371632414606,-1.3616,5.301045894622803,-3.990907669067383,2.7053,0.095155,0.084652,0.146018,0.029807,0.3029,True,0.027247,-0.000825,-0.000358,-0.05,4.0002,4.054,4.4318,5.3265,2.2724,2.4734,8.4925,6.3488,5.051,5.1622,5.4485,0.3029,0.3342,0.404,0.5312,0.3136,0.3538,5.0427,5.1571,5.4468,5.073,4.2904,3.8179,3.5364,1.0641,1.0533,4.7568,4.8677,5.1447,5.6376,6.4528,6.5487,3.8412,3.8806,5.7628,5.965
22,220,3.0661299934551125,-2.469715122715082,-1.3653,5.301045894622803,-3.990907669067383,2.7035,0.094231,0.08435,0.142659,0.029701,0.3028,True,0.028153,-0.000822,-0.000356,-0.05,4.002,4.0486,4.4222,5.3094,2.2782,2.4574,8.4555,6.3489,5.0509,5.1586,5.4407,0.3028,0.3337,0.4029,0.5285,0.3094,0.348,5.0414,5.1522,5.4377,5.0941,4.3027,3.8252,3.5404,1.0642,1.053,4.7555,4.8631,5.1361,5.6235,6.4298,6.5629,3.8425,3.8717,5.7621,5.9614
22,221,3.068154226514295,-2.4700769850299364,-1.3691,5.301045894622803,-3.990907669067383,2.7016,0.091939,0.085256,0.134323,0.03002,0.3026,True,0.025719,-0.000759,-0.000363,-0.05,4.0165,4.0436,4.4133,5.2935,2.2837,2.4426,8.4316,6.3491,5.0508,5.1553,5.4336,0.3026,0.3333,0.4019,0.5261,0.3057,0.3429,5.0401,5.1477,5.4292,5.1142,4.3145,3.8322,3.5442,1.0643,1.0527,4.7544,4.8589,5.1282,5.6104,6.4085,6.5764,3.8444,3.8648,5.763,5.9582
22,222,3.0699993686060547,-2.4704139128330245,-1.3726,5.301045894622803,-3.990907669067383,2.6999,0.091184,0.085312,0.131577,0.03004,0.302,True,0.026764,-0.002838,-0.000364,-0.05,4.0119,4.0386,4.4044,5.2777,2.283,2.4279,8.4143,6.3494,5.0538,5.152,5.4264,0.3025,0.3329,0.4008,0.5236,0.302,0.3379,5.0389,5.1432,5.4208,5.1346,4.3264,3.8392,3.548,1.0644,1.0515,4.7533,4.8547,5.1203,5.5973,6.3872,6.5901,3.8433,3.8589,5.7639,5.9745
22,223,3.0719155562652145,-2.470770734760886,-1.3762,5.301045894622803,-3.990907669067383,2.6981,0.091024,0.084898,0.130998,0.029893,0.3023,True,0.024808,0.001369,-0.00036,-0.05,4.0075,4.0339,4.396,5.2627,2.2711,2.414,8.4026,8.4768,5.0536,5.149,5.4196,0.3023,0.3325,0.3999,0.5213,0.7831,0.3334,5.0379,5.139,5.4128,5.1544,4.3379,3.8461,3.5518,1.0645,1.0512,4.7523,4.8508,5.1128,5.5848,6.3671,6.6034,3.843,3.8544,5.7649,5.9711
22,224,3.073688001104616,-2.4711072788141366,-1.3796,5.301045894622803,-3.990907669067383,2.6965,0.093716,0.073447,0.140786,0.025862,0.3022,True,0.024385,-0.000686,-0.00027,-0.05,4.0033,4.0295,4.3881,5.2485,2.2754,2.401,8.3952,11.0501,5.0534,5.1461,5.4132,0.3022,0.3322,0.3989,0.5191,0.7769,0.3292,5.0369,5.135,5.4052,5.1736,4.3491,3.8527,3.5554,1.0647,1.0509,4.7515,4.8471,5.1056,5.573,6.3479,6.6162,3.8435,3.8509,5.7659,5.968
22,225,3.075426860047953,-2.4714433593236906,-1.3829,5.301045894622803,-3.990907669067383,2.6948,0.095872,0.054112,0.148626,0.019053,0.302,True,0.025779,-0.000699,-0.000146,-0.05,4.0065,4.0248,4.3797,5.2337,2.2807,2.3874,8.3909,11.0506,5.0533,5.1431,5.4066,0.302,0.3318,0.398,0.5169,0.7705,0.325,5.0359,5.1309,5.3974,5.194,4.361,3.8598,3.5593,1.0648,1.0506,4.7506,4.8432,5.0982,5.5608,6.328,6.6298,3.8448,3.8482,5.7652,5.9648
22,226,3.077261364529324,-2.4718045163704567,-1.3863,5.301045894622803,-3.990907669067383,2.6931,0.096592,0.053152,0.151244,0.018715,0.3019,True,0.024489,-0.000681,-0.000141,-0.05,4.0455,4.0204,4.3718,5.2195,2.2858,2.3745,8.3901,11.0512,5.0532,5.1403,5.4002,0.3019,0.3314,0.3971,0.5147,0.7645,0.3211,5.035,5.1269,5.3898,5.2139,4.3726,3.8667,3.5632,1.065,1.0496,4.7498,4.8396,5.0912,5.549,6.3089,6.6431,3.8468,3.8464,5.766,5.9617
22,227,3.0790006706447373,-2.4721528557669776,-1.3896,5.301045894622803,-3.990907669067383,2.6915,0.095313,0.054857,0.146593,0.019316,0.3018,True,0.024993,-0.000661,-0.00015,-0.05,4.0853,4.0161,4.3639,5.2054,2.291,2.3617,8.3923,11.0519,5.0562,5.1376,5.3939,0.3018,0.3311,0.3962,0.5126,0.7586,0.3173,5.0342,5.1231,5.3823,5.234,4.3843,3.8736,3.567,1.0651,1.0492,4.7491,4.836,5.0842,5.5374,6.29,6.6565,3.8497,3.8453,5.7669,5.9868
22,228,3.0807721662153362,-2.472514005720208,-1.393,5.301045894622803,-3.990907669067383,2.6898,0.096253,0.053878,0.15001,0.018971,0.3016,True,0.023455,-0.000636,-0.000145,-0.05,4.124,4.012,4.3565,5.1922,2.2803,2.3497,8.3975,11.0527,5.056,5.135,5.388,0.3016,0.3307,0.3953,0.5105,0.7531,0.3138,5.0335,5.1194,5.3753,5.2535,4.3956,3.8803,3.5708,1.0653,1.0489,4.7485,4.8326,5.0776,5.5263,6.2722,6.6695,3.8531,3.845,5.7678,6.098
22,229,3.082431574239557,-2.472857692522706,-1.3962,5.301045894622803,-3.990907669067383,2.6883,0.095716,0.054446,0.148057,0.019171,0.3015,True,0.024547,-0.000634,-0.000148,-0.05,4.1645,4.0078,4.349,5.1787,2.2767,2.3376,8.4008,11.0537,5.0558,5.1324,5.382,0.3015,0.3304,0.3944,0.5085,0.7475,0.3104,5.0328,5.1158,5.3681,5.2736,4.4072,3.8873,3.5746,1.0655,1.0487,4.7479,4.8292,5.0709,5.5152,6.254,6.6828,3.8575,3.8455,5.7687,6.2163
22,230,3.08416475827607,-2.473222732359164,-1.3994,5.301045894622803,-3.990907669067383,2.6866,0.097167,0.052731,0.153334,0.018567,0.3014,True,0.030114,-0.000757,-0.000139,-0.05,4.214,4.0078,4.3401,5.1628,2.2827,2.3233,8.3948,11.0549,5.0556,5.1294,5.3748,0.3014,0.33,0.3934,0.5061,0.741,0.3065,5.032,5.1114,5.3597,5.298,4.4214,3.8957,3.5793,1.0658,1.0483,4.7472,4.8252,5.0629,5.5019,6.2326,6.699,3.8639,3.847,5.7682,6.3639
22,231,3.0862865582143404,-2.4736775428433084,-1.4035,5.301045894622803,-3.990907669067383,2.6846,0.100018,0.049606,0.163703,0.017467,0.3012,True,0.035418,-0.000913,-0.000123,-0.05,4.277,4.0225,4.3292,5.1433,2.2901,2.3059,8.3936,11.0567,5.0555,5.1258,5.3662,0.3012,0.3295,0.3921,0.5031,0.7331,0.3019,5.0312,5.1062,5.3493,5.3287,4.4391,3.9062,3.5853,1.0661,1.0471,4.7465,4.8204,5.0533,5.4857,6.2063,6.7193,3.8737,3.8478,5.7694,6.5566
22,232,3.088775432234187,-2.4742226619027674,-1.4082,5.301045894622803,-3.990907669067383,2.6823,0.09902,0.051153,0.160073,0.018012,0.3011,True,0.026959,-0.000679,-0.000131,-0.05,4.3254,4.0178,4.3211,5.1289,2.2958,2.2931,8.397,11.0583,5.0584,5.1231,5.3598,0.3011,0.3291,0.3912,0.501,0.7273,0.33,5.0306,5.1024,5.3417,5.3519,4.4525,3.9142,3.5898,1.0664,1.0468,4.7461,4.8169,5.0461,5.4737,6.1869,6.7346,3.8826,3.8472,5.7704,6.7087
22,233,3.090665283099231,-2.4746447502915774,-1.4118,5.301045894622803,-3.990907669067383,2.6805,0.099237,0.050771,0.160862,0.017877,0.3009,True,0.026451,-0.000654,-0.000129,-0.05,4.3737,4.0132,4.3133,5.115,2.3013,2.2808,8.404,11.0599,5.0582,5.1206,5.3536,0.3009,0.3287,0.3903,0.4989,0.7218,0.3258,5.03,5.0987,5.3343,5.3749,4.4658,3.9221,3.5942,1.0667,1.0465,4.3924,4.8135,5.0392,5.4622,6.1681,6.7498,3.8928,3.8474,5.7714,6.8641
22,234,3.0925155924900163,-2.4750649103959588,-1.4153,5.301045894622803,-3.990907669067383,2.6787,0.097732,0.040172,0.155391,0.014145,0.3008,True,0.025961,-0.000635,-8.1e-05,-0.05,4.4224,4.0089,4.3058,5.1014,2.3069,2.2822,8.4011,11.0616,5.058,5.1182,5.3477,0.3008,0.3284,0.3894,0.4969,0.7165,0.3219,3.963,5.0952,5.3271,5.3978,4.479,3.93,3.5987,1.067,1.0462,2.8343,4.8102,5.0325,5.4508,6.1496,6.765,3.9045,3.8486,5.7725,7.0256
22,235,3.0943278625087567,-2.475483033446893,-1.4188,5.301045894622803,-3.990907669067383,2.677,0.087621,0.009052,0.118624,0.003187,0.3008,True,0.021999,0.000128,-4e-06,-0.05,4.4624,4.0234,4.2998,5.0907,2.3114,2.2866,8.3978,11.0632,5.058,5.1165,5.3431,0.3008,0.3283,0.3889,0.4955,0.7126,0.3195,3.3298,5.0924,5.3214,5.4161,4.4895,3.9362,3.6022,1.0671,1.0452,2.1999,4.8075,5.0272,5.4418,6.1352,6.7769,3.9151,3.85,5.7734,5.7716
23,371,-2.244259336051341,0.5055824118350226,1.9603,-3.0960936546325684,2.4287476539611816,2.1034,0.15404,0.727362,0.360146,0.256113,0.3021,True,0.005745,0.00106,-0.026453,-0.05,9.4886,8.0107,4.0894,3.8823,8.1606,0.3021,0.4741,0.5708,0.6109,0.5748,0.4834,0.3074,7.0772,7.3997,2.1466,2.3303,7.0319,2.1792,2.1949,2.4074,2.7586,3.3497,4.4352,5.559,5.5035,5.5106,2.4974,2.6018,5.6426,4.79,4.2746,3.9686,3.874,8.0206,3.8915,9.0121
23,372,-2.244613940235378,0.50584422430836,1.9592,-3.0960936546325684,2.4287476539611816,2.103,0.131166,0.652372,0.276966,0.229708,0.3017,True,0.002807,-0.001972,-0.021279,-0.05,9.4927,8.0016,4.0864,3.8799,8.1771,0.3017,0.4752,0.5715,0.6113,0.5747,0.4825,0.3093,7.0875,7.3972,2.1463,2.352,7.0323,2.1802,2.1959,2.409,2.7614,3.3543,4.4444,5.5579,5.5031,5.5106,2.4973,2.6057,5.6359,4.786,4.2722,3.9673,3.873,7.8065,3.8919,9.0143
23,373,-2.2447794583986047,0.5059755774460102,1.9603,-3.0960936546325684,2.4287476539611816,2.1028,0.128287,0.642311,0.266498,0.226166,0.3019,True,0.00333,0.001025,-0.020628,-0.05,9.4988,7.9882,4.0821,3.8765,8.2021,0.3019,0.4768,0.5728,0.6123,0.5747,0.4813,0.3129,7.1038,7.3934,2.1459,2.3882,7.033,2.1818,2.1976,2.4117,2.7657,3.3618,4.4588,5.5559,5.5024,5.5103,2.4968,2.6117,5.6256,4.7798,4.2683,3.965,3.8714,7.5084,3.8923,9.0175
23,374,-2.244836140353627,0.5061932577252342,1.9617,-3.0960936546325684,2.4287476539611816,2.1026,0.121523,0.605258,0.2419,0.213119,0.3011,True,0.002666,-0.00397,-0.018317,-0.05,9.5041,7.9766,4.0781,3.8733,8.2233,0.3011,0.4781,0.5735,0.6127,0.5743,0.48,0.3152,7.1167,7.3902,2.1455,2.4158,7.0334,2.1829,2.1988,2.4138,2.7691,3.3677,4.4704,5.5546,5.5021,5.5104,2.4963,2.6174,5.6173,4.7748,4.2653,3.9634,3.8703,7.2677,3.8928,9.0205
23,375,-2.244937741490582,0.5063426807865528,1.9632,-3.0960936546325684,2.4287476539611816,2.1024,0.149791,0.703523,0.344696,0.247719,0.3008,True,0.003709,-0.001659,-0.024747,-0.05,9.5023,7.9826,4.0807,3.8755,8.2151,0.3015,0.4788,0.5741,0.6132,0.5745,0.4796,0.3008,7.1123,7.3912,2.1453,2.4096,7.0329,2.182,2.1978,2.4125,2.7672,3.3646,4.4647,5.5544,5.5016,5.5097,2.496,2.6133,5.6215,4.7775,4.267,3.9645,3.8712,7.3872,3.893,9.0196
23,376,-2.2452394437818626,0.5064795374242435,1.9628,-3.0960936546325684,2.4287476539611816,2.1022,0.138106,0.661396,0.302204,0.232886,0.3015,True,0.004786,0.003773,-0.021872,-0.05,9.503,7.9819,4.0808,3.8756,8.2177,0.3015,0.4795,0.5747,0.6135,0.5744,0.4789,0.3021,7.1143,7.3906,2.1451,2.4155,7.0327,2.1819,2.1978,2.4125,2.7673,3.3649,4.4655,5.5539,5.5012,5.5093,2.4957,2.6131,5.6209,4.7772,4.2669,3.9645,3.8712,7.3715,3.8932,9.02
23,377,-2.2455298659184555,0.5066999125337147,1.9631,-3.0960936546325684,2.4287476539611816,2.1018,0.137617,0.664304,0.300427,0.23391,0.3014,True,0.003588,-0.00075,-0.022065,-0.05,9.5048,7.9786,4.0798,3.8749,8.2247,0.3014,0.4804,0.5752,0.6137,0.5743,0.4782,0.3034,7.1188,7.3895,2.1448,2.4265,7.0328,2.1822,2.198,2.413,2.7682,3.3666,4.469,5.5533,5.5008,5.5091,2.4954,2.6144,5.6184,4.7757,4.2661,3.9641,3.871,7.3029,3.8935,9.0211
23,378,-2.2457532337010493,0.5068626414382731,1.9635,-3.0960936546325684,2.4287476539611816,2.1016,0.138631,0.662029,0.304112,0.233109,0.3014,True,0.005039,0.000248,-0.021914,-0.05,9.5057,7.9777,4.0798,3.875,8.2277,0.3014,0.4812,0.5758,0.614,0.5743,0.4775,0.3049,7.1211,7.3889,2.1446,2.4331,7.0327,2.1821,2.198,2.4131,2.7684,3.367,4.47,5.5527,5.5004,5.5088,2.495,2.6143,5.6177,4.7754,4.2659,3.9641,3.871,7.2841,3.8937,9.0216
23,379,-2.2460573677729867,0.5070954170065545,1.9636,-3.0960936546325684,2.4287476539611816,2.1013,0.137478,0.660589,0.29992,0.232602,0.3011,True,0.003379,-0.00154,-0.021819,-0.05,9.5064,7.9766,4.0795,3.8747,8.2305,0.3011,0.4817,0.5761,0.614,0.5741,0.477,0.3055,7.1227,7.3884,2.1444,2.4371,7.0326,2.1821,2.198,2.4131,2.7686,3.3674,4.471,5.5525,5.5003,5.5087,2.4949,2.6146,5.617,4.775,4.2658,3.964,3.871,7.2605,3.8939,9.0221
23,380,-2.2463246955608134,0.5072234914153416,1.9637,-3.0960936546325684,2.4287476539611816,2.101,0.153773,0.711932,0.359174,0.25068,0.3014,True,0.00704,0.001584,-0.025342,-0.05,9.503,7.9858,4.083,3.8777,8.2158,0.3014,0.4818,0.5763,0.6141,0.5743,0.477,0.306,7.1141,7.3903,2.1443,2.4206,7.0318,2.1809,2.1967,2.4111,2.7656,3.3625,4.4616,5.5529,5.5,5.5081,2.495,2.6092,5.6235,4.7791,4.2684,3.9657,3.8723,7.4432,3.8939,9.0204
23,381,-2.2467632276068485,0.5075427454124605,1.9627,-3.0960936546325684,2.4287476539611816,2.1006,0.139687,0.66503,0.307951,0.234165,0.3013,True,0.005343,-0.000645,-0.022113,-0.05,9.5035,7.9858,4.0833,3.878,8.2174,0.3013,0.4826,0.5768,0.6143,0.5742,0.4762,0.3074,7.1153,7.3899,2.1441,2.4249,7.0316,2.1806,2.1964,2.4109,2.7654,3.3623,4.4616,5.5525,5.4996,5.5077,2.4947,2.6085,5.6235,4.7792,4.2685,3.9658,3.8725,7.441,3.8942,9.0208
23,382,-2.24715580573186,0.5077586791089269,1.9628,-3.0960936546325684,2.4287476539611816,2.1002,0.136746,0.660345,0.297258,0.232516,0.3014,True,0.005179,0.000463,-0.021803,-0.05,9.5055,7.9823,4.0825,3.8774,8.2252,0.3014,0.4836,0.5776,0.6147,0.5741,0.4753,0.3095,7.1206,7.3886,2.1438,2.4385,7.0316,2.1809,2.1967,2.4115,2.7664,3.3642,4.4655,5.5516,5.4991,5.5073,2.4942,2.6096,5.6208,4.7776,4.2676,3.9654,3.8722,7.3681,3.8945,9.022
23,383,-2.2473952498102303,0.5080303675832347,1.9634,-3.0960936546325684,2.4287476539611816,2.0999,0.135892,0.657037,0.294153,0.231351,0.3011,True,0.005372,-0.001564,-0.021585,-0.05,9.5091,7.9752,4.0802,3.8756,8.2393,0.3011,0.4849,0.5785,0.6149,0.5739,0.474,0.3117,7.1296,7.3864,2.149,2.4594,7.0318,2.1815,2.1974,2.4127,2.7685,3.3679,4.4729,5.5504,5.4986,5.5071,2.4936,2.6128,5.6156,4.7745,4.2658,3.9644,3.8716,7.2253,3.895,9.0239
23,384,-2.247748618847914,0.5082658123641313,1.964,-3.0960936546325684,2.4287476539611816,2.0995,0.128563,0.62247,0.267504,0.21918,0.3008,True,0.003325,-0.001197,-0.019373,-0.05,9.512,7.9696,4.0785,3.8743,8.2507,0.3008,0.486,0.5792,0.6151,0.5737,0.4729,0.3138,7.1368,7.3846,2.1486,2.4766,7.032,2.182,2.1979,2.4137,2.7701,3.3708,4.4787,5.5495,5.4982,5.5069,2.4932,2.6153,5.6115,4.7721,4.2644,3.9637,3.8711,7.1165,3.8954,9.0256
23,385,-2.2479504032622253,0.508419015230314,1.9648,-3.0960936546325684,2.4287476539611816,2.0993,0.132383,0.634821,0.281394,0.223528,0.301,True,0.007107,0.000867,-0.02015,-0.05,9.5138,7.9666,4.0778,3.8738,8.2579,0.301,0.487,0.58,0.6155,0.5737,0.472,0.301,7.1418,7.3834,2.1484,2.4899,7.032,2.1823,2.1982,2.4142,2.7711,3.3726,4.4823,5.5486,5.4977,5.5065,2.4926,2.6163,5.609,4.7707,4.2636,3.9633,3.8709,7.058,3.8897,9.0266
23,386,-2.248268886215198,0.5087962866878188,1.965,-3.0960936546325684,2.4287476539611816,2.0988,0.127969,0.614003,0.265343,0.216198,0.3005,True,0.005209,-0.002389,-0.01885,-0.05,9.5164,7.9618,4.0763,3.8743,8.2676,0.3005,0.4881,0.5806,0.6155,0.5734,0.4708,0.3023,7.1477,7.3818,2.148,2.504,7.032,2.1826,2.1985,2.4149,2.7723,3.3748,4.487,5.5479,5.4974,5.5064,2.4923,2.6185,5.6058,4.7688,4.2625,3.9627,3.8706,6.9703,3.8901,9.0281
23,387,-2.2486056015831584,0.5090272010612228,1.9656,-3.0960936546325684,2.4287476539611816,2.0985,0.138789,0.655554,0.304686,0.230829,0.3005,True,0.006787,-5e-06,-0.021488,-0.05,9.5173,7.9608,4.0762,3.8757,8.2709,0.3005,0.4889,0.5811,0.6157,0.5733,0.47,0.3036,7.1501,7.3812,2.1477,2.5109,7.0319,2.1825,2.1985,2.4149,2.7725,3.3753,4.4881,5.5474,5.497,5.5061,2.492,2.6184,5.605,4.7684,4.2623,3.9627,3.8706,6.9509,3.8903,9.0287
23,388,-2.2489633915231804,0.5093638545884662,1.9655,-3.0960936546325684,2.4287476539611816,2.098,0.141966,0.659588,0.316241,0.232249,0.3006,True,0.004397,0.000477,-0.021753,-0.05,9.5143,7.969,4.0794,3.8753,8.2579,0.3006,0.4891,0.5814,0.6158,0.5734,0.4697,0.3042,7.1423,7.3828,2.1476,2.4955,7.0311,2.1813,2.1972,2.413,2.7697,3.3707,4.4795,5.5477,5.4967,5.5055,2.4921,2.6131,5.6109,4.7721,4.2648,3.9643,3.8718,7.0991,3.8964,9.0272
23,389,-2.2493675951737533,0.5095058705478179,1.9649,-3.0960936546325684,2.4287476539611816,2.0977,0.131065,0.622707,0.276598,0.219263,0.3002,True,0.007206,-0.002377,-0.019388,-0.05,9.5163,7.9656,4.0784,3.8745,8.2654,0.3002,0.4902,0.582,0.6159,0.573,0.4685,0.3056,7.1469,7.3815,2.1472,2.5069,7.031,2.1814,2.1973,2.4134,2.7704,3.3722,4.4827,5.5471,5.4964,5.5053,2.4918,2.6143,5.6087,4.7709,4.2641,3.964,3.8717,7.0355,3.8909,9.0284
23,390,-2.2498174012414736,0.5098325150911915,1.9655,-3.0960936546325684,2.4287476539611816,2.0972,0.142919,0.670581,0.319705,0.23612,0.3006,True,0.005107,0.002268,-0.022484,-0.05,9.5144,7.9715,4.0809,3.8766,8.2571,0.3006,0.4907,0.5825,0.6163,0.5732,0.468,0.3069,7.1425,7.3825,2.147,2.4999,7.0305,2.1805,2.1964,2.4121,2.7685,3.3691,4.477,5.547,5.4959,5.5046,2.4915,2.6103,5.6126,4.7734,4.2657,3.965,3.8725,7.1408,3.897,9.0276
23,391,-2.250163417962224,0.5100520205192917,1.9649,-3.0960936546325684,2.4287476539611816,2.0969,0.132998,0.632676,0.283629,0.222773,0.3005,True,0.004471,-0.000405,-0.020014,-0.05,9.5141,7.9732,4.0817,3.8773,8.2552,0.3005,0.4913,0.5829,0.6164,0.5731,0.4674,0.3078,7.1415,7.3826,2.1468,2.499,7.0302,2.1801,2.196,2.4116,2.7678,3.368,4.4751,5.5468,5.4956,5.5043,2.4914,2.6089,5.6139,4.7742,4.2663,3.9655,3.8729,7.1721,3.8972,9.0275
23,392,-2.250493694146984,0.5102321540773953,1.9648,-3.0960936546325684,2.4287476539611816,2.0966,0.134208,0.639814,0.288029,0.225287,0.3006,True,0.006753,0.000289,-0.020468,-0.05,9.5161,7.9701,4.081,3.8769,8.2628,0.3006,0.4924,0.5837,0.6167,0.573,0.4662,0.3099,7.1467,7.3813,2.1465,2.5128,7.0302,2.1803,2.1962,2.4121,2.7687,3.3697,4.4786,5.5459,5.495,5.5039,2.4909,2.6097,5.6115,4.7729,4.2656,3.9652,3.8727,7.1115,3.8975,9.0287
23,393,-2.2508420880017277,0.5105706070495515,1.9652,-3.0960936546325684,2.4287476539611816,2.0962,0.134926,0.641337,0.290641,0.225823,0.3004,True,0.007128,-0.00076,-0.020566,-0.05,9.5188,7.9656,4.0799,3.8782,8.2731,0.3004,0.4939,0.5847,0.617,0.5727,0.4645,0.3124,7.1535,7.3796,2.146,2.5305,7.0301,2.1805,2.1965,2.4127,2.7698,3.3719,4.4833,5.5448,5.4944,5.5034,2.4903,2.6112,5.6082,4.771,4.2645,3.9647,3.8725,7.0271,3.8977,9.0303
23,394,-2.251254365632165,0.5109082361757169,1.9659,-3.0960936546325684,2.4287476539611816,2.0957,0.134394,0.635817,0.288705,0.223879,0.3004,True,0.008094,-0.000277,-0.020213,-0.05,9.5208,7.9626,4.0792,3.8812,8.2809,0.3004,0.4952,0.5856,0.6173,0.5726,0.301,0.3149,7.1587,7.3783,2.1456,2.5448,7.03,2.1806,2.1966,2.413,2.7706,3.3735,4.4867,5.5439,5.4938,5.503,2.4897,2.612,5.6059,4.7697,4.2639,3.9644,3.8724,6.97,3.8925,9.0315
23,395,-2.2516860714219114,0.5113077168641365,1.9662,-3.0960936546325684,2.4287476539611816,2.0951,0.133448,0.631439,0.285266,0.222338,0.3002,True,0.007057,-0.000937,-0.019936,-0.05,9.5235,7.9583,4.0781,3.8851,8.2909,0.3002,0.4966,0.5866,0.6176,0.5723,0.3031,0.3176,7.1652,7.3766,2.1451,2.562,7.0299,2.1808,2.1968,2.4136,2.7717,3.3756,4.4912,5.5428,5.4933,5.5026,2.4892,2.6135,5.6027,4.7679,4.2629,3.964,3.8722,6.8927,3.893,9.0331
23,396,-2.252123816638256,0.5116290019725492,1.9669,-3.0960936546325684,2.4287476539611816,2.0947,0.135172,0.635691,0.291536,0.223835,0.3002,True,0.007155,0.000148,-0.020205,-0.05,9.5234,7.9598,4.079,3.8851,8.29,0.3002,0.4974,0.5872,0.6178,0.5722,0.3044,0.3192,7.165,7.3765,2.1448,2.5636,7.0296,2.1804,2.1964,2.4131,2.7711,3.3747,4.4897,5.5425,5.4928,5.5021,2.4889,2.6119,5.6038,4.7687,4.2635,3.9644,3.8726,6.9173,3.8932,9.0332
23,397,-2.252507103531668,0.5119814558853257,1.9668,-3.0960936546325684,2.4287476539611816,2.0942,0.138307,0.647854,0.302935,0.228118,0.3001,True,0.008521,-0.000688,-0.020986,-0.05,9.5251,7.9579,4.0788,3.8875,8.296,0.3001,0.4988,0.5881,0.618,0.5719,0.3065,0.322,7.169,7.3753,2.1443,2.5755,7.0293,2.1803,2.1963,2.4131,2.7714,3.3755,4.4916,5.5416,5.4922,5.5016,2.4885,2.6119,5.6024,4.768,4.2632,3.9644,3.8727,6.8823,3.8937,9.0343
23,398,-2.2530502831680663,0.5123630956079264,1.9671,-3.0960936546325684,2.4287476539611816,2.0936,0.135279,0.633537,0.291924,0.223076,0.3086,True,0.008981,0.042509,-0.020068,-0.05,9.5269,7.9558,4.0784,3.8902,8.3024,0.3129,0.5001,0.589,0.6183,0.5717,0.3086,0.3249,7.1734,7.3741,2.1438,2.588,7.0291,2.1802,2.1962,2.4133,2.7718,3.3764,4.494,5.5407,5.4916,5.5011,2.488,2.6121,5.6008,4.7672,4.2628,3.9644,3.8728,6.8428,3.8942,9.0354
23,399,-2.2535621665603807,0.512792044620102,1.9674,-3.0960936546325684,2.4287476539611816,2.093,0.132505,0.620193,0.281835,0.218378,0.3107,True,0.009352,0.010532,-0.019232,-0.05,9.5289,7.953,4.0778,3.8931,8.3097,0.3125,0.5014,0.5899,0.6185,0.5714,0.3107,0.3279,7.1782,7.3728,2.1433,2.6015,7.0289,2.1802,2.1962,2.4135,2.7724,3.3777,4.4968,5.5399,5.4911,5.5007,2.4875,2.6128,5.5988,4.7661,4.2623,3.9642,3.8728,6.7937,3.8947,9.0366
23,400,-2.254092758782215,0.513239814739533,1.9678,-3.0960936546325684,2.4287476539611816,2.0924,0.133694,0.623349,0.28616,0.219489,0.3004,True,0.01005,-0.0517,-0.019428,-0.05,9.531,7.9501,4.0772,3.8963,8.3176,0.312,0.5029,0.5908,0.6187,0.571,0.3004,0.3314,7.1833,7.3714,2.1428,2.6159,7.0287,2.1791,2.1962,2.4137,2.7729,3.379,4.4998,5.539,5.4905,5.5002,2.487,2.6134,5.5968,4.7651,4.2618,3.9641,3.8728,6.7437,3.8952,9.038
24,292,2.0099222813379227,2.4635292894069107,1.8641,0.855482280254364,4.258472919464111,2.1341,0.112281,0.245096,0.208293,0.086302,0.302,True,0.034792,-0.003117,-0.003004,-0.05,6.2227,6.4248,7.1563,2.9451,2.9679,6.2,6.0238,1.3082,1.3157,5.185,3.8534,3.8785,0.302,0.3778,0.5257,0.9098,0.3492,5.0895,5.2815,5.6683,5.2733,4.5743,4.1508,3.9082,3.8021,3.7981,3.4094,2.1492,1.605,1.3127,1.1399,1.0352,1.0274,1.3521,9.1486,5.9438
24,293,2.006165347831687,2.463873224046547,1.8571,0.855482280254364,4.258472919464111,2.1318,0.102074,0.225174,0.171179,0.079287,0.3017,True,0.017266,-0.001783,-0.002535,-0.05,6.2141,6.414,7.138,2.9463,2.9639,6.2063,6.0261,1.3085,1.3157,5.2227,3.8717,3.8688,0.3017,0.3767,0.5227,0.8983,0.3182,5.0867,5.2751,5.6573,5.291,4.5848,4.1569,3.9112,3.8025,3.7983,3.4545,2.1665,1.614,1.3181,1.1433,1.0375,1.0296,1.3531,1.8268,5.9405
24,294,2.0043102088351996,2.4640516806502566,1.8537,0.855482280254364,4.258472919464111,2.1307,0.125052,0.299154,0.254736,0.105336,0.3013,True,0.020507,-0.001925,-0.004475,-0.05,6.2047,6.4022,7.118,2.9481,2.9603,6.2134,6.0286,1.3089,1.3158,5.2649,3.8922,3.8583,0.3013,0.3755,0.5195,0.8861,0.839,5.0837,5.2682,5.6454,5.3107,4.5965,4.1637,3.9145,3.803,3.7953,3.5056,2.1858,1.624,1.324,1.1472,1.04,1.0321,1.3523,1.6835,5.937
24,295,2.0021160296523055,2.4642710576865245,1.8496,0.855482280254364,4.258472919464111,2.1293,0.126637,0.303862,0.260499,0.106994,0.3009,True,0.019027,-0.001873,-0.004617,-0.05,6.1958,6.3908,7.0988,2.948,2.9574,6.2204,6.0312,1.3103,1.3158,5.3069,3.9125,3.8481,0.3009,0.3744,0.5164,0.8746,0.6386,5.0809,5.2615,5.6338,5.3301,4.608,4.1704,3.9178,3.8036,3.7953,9.8541,2.205,1.6339,1.33,1.151,1.0425,1.0274,1.3533,1.5626,5.9524
24,296,2.000089288070494,2.464481871666021,1.8458,0.855482280254364,4.258472919464111,2.128,0.143597,0.211101,0.322172,0.074331,0.3005,True,0.020838,-0.00196,-0.002228,-0.05,6.2305,6.3789,7.0786,2.9485,2.955,6.2279,6.034,1.3107,1.3159,5.3524,3.9344,3.8387,0.3005,0.3732,0.5131,0.8627,0.523,5.0779,5.2545,5.6216,5.3511,4.6205,4.1776,3.9214,3.8042,3.7954,9.849,2.2258,1.6445,1.3363,1.1551,1.0453,1.0294,1.3544,1.4502,5.9485
24,297,1.997879126209397,2.4647204432339116,1.8417,0.855482280254364,4.258472919464111,2.1266,0.147524,0.213158,0.33645,0.075056,0.3001,True,0.025612,-0.002242,-0.002272,-0.05,6.2189,6.3651,7.0552,2.9498,2.9531,6.237,6.0375,1.3111,1.316,5.407,3.9605,3.8632,0.3001,0.3719,0.5094,0.8493,0.4421,5.0746,5.2465,5.6076,5.376,4.6353,4.1862,3.9257,3.8051,3.7956,9.8432,2.2508,1.6573,1.3439,1.16,1.0485,1.0323,1.3558,1.354,5.9441
24,298,1.9951758669757451,2.465024423859839,1.8366,0.855482280254364,4.258472919464111,2.1249,0.151496,0.222863,0.350894,0.078473,0.3051,True,0.023109,0.025048,-0.002483,-0.05,6.2077,6.3518,7.0326,2.9519,2.9521,6.246,6.041,1.3115,1.3161,5.4616,3.9865,3.8614,0.3051,0.3706,0.5058,0.8366,0.3906,5.0714,5.2387,5.594,5.4008,4.65,4.1948,3.9301,3.806,3.7926,9.8377,2.2758,1.6699,1.3514,1.1648,1.0517,1.0315,1.3571,1.3552,5.9399
24,299,1.9927627703701238,2.4653172703197965,1.8321,0.855482280254364,4.258472919464111,2.1234,0.157499,0.248405,0.372725,0.087466,0.3046,True,0.025423,-0.002451,-0.003085,-0.05,6.2164,6.3386,7.0102,2.9548,2.952,6.2552,6.0447,1.313,1.3162,5.518,4.0131,3.8488,0.3046,0.3693,0.5023,0.8243,0.3543,5.0684,5.231,5.5804,5.4261,4.6649,4.2036,3.9345,3.8071,3.7927,9.8325,2.3015,1.6829,1.3591,1.1697,1.0549,1.0306,1.3585,1.3565,5.9544
24,300,1.9900953638572039,2.4656337595764852,1.8271,0.855482280254364,4.258472919464111,2.1217,0.15101,0.226402,0.349129,0.079719,0.3041,True,0.022408,-0.002353,-0.002563,-0.05,6.2303,6.3261,6.989,2.9585,2.9526,6.2642,6.0483,1.3134,1.3164,5.5732,4.0391,3.8407,0.3041,0.368,0.499,0.813,0.3283,5.0656,5.2238,5.5677,5.4507,4.6795,4.2121,3.9389,3.8081,3.7929,9.8276,2.3268,1.6956,1.3666,1.1745,1.0581,1.0334,1.3599,1.3577,5.9502
24,301,1.9877802439181131,2.465937380468207,1.8228,0.855482280254364,4.258472919464111,2.1202,0.15656,0.251458,0.36931,0.088541,0.3036,True,0.024625,-0.00232,-0.003162,-0.05,6.2193,6.3138,6.9679,2.963,2.954,6.2734,6.0521,1.3138,1.3166,6.2101,4.0656,3.864,0.3036,0.3668,0.4957,0.802,0.3079,5.0628,5.2167,5.555,5.4758,4.6943,4.2208,3.9434,3.8093,3.7931,9.823,2.3527,1.7085,1.3742,1.1794,1.0613,1.0352,1.3613,1.3572,5.9461
24,302,1.9852223104973852,2.4662644532248352,1.818,0.855482280254364,4.258472919464111,2.1186,0.151185,0.234417,0.349763,0.082541,0.3032,True,0.023208,-0.00232,-0.002748,-0.05,6.2085,6.3016,6.9471,2.9684,2.9559,6.2828,6.0561,1.3142,1.3168,6.2035,4.0927,3.8618,0.3032,0.3656,0.4925,0.7912,0.4735,5.0602,5.2096,5.5424,5.5014,4.7095,4.2297,3.948,3.8106,3.7901,9.8186,2.3794,1.7217,1.3819,1.1843,1.0646,1.0315,1.3628,1.3584,5.942
24,303,1.9828356677322514,2.4665899321452316,1.8135,0.855482280254364,4.258472919464111,2.117,0.14767,0.230614,0.336982,0.081202,0.3027,True,0.025299,-0.002364,-0.002659,-0.05,6.2396,6.2892,6.9259,2.975,2.9559,6.2926,6.0603,1.3157,1.317,6.1968,4.1211,3.8493,0.3027,0.3644,0.4892,0.7805,0.4258,5.0576,5.2025,5.5297,5.5281,4.7253,4.239,3.9529,3.812,3.7902,9.8142,2.4076,1.7356,1.39,1.1895,1.068,1.0344,1.3643,1.3597,5.9565
24,304,1.9802472609979986,2.466955217045463,1.8087,0.855482280254364,4.258472919464111,2.1153,0.15166,0.233945,0.351492,0.082375,0.3023,True,0.020315,-0.002,-0.002737,-0.05,6.2322,6.2788,6.9079,2.9815,2.9565,6.3012,6.064,1.316,1.3173,6.1912,4.1459,3.8387,0.3023,0.3633,0.4865,0.7716,0.3947,5.0554,5.1965,5.5189,5.5513,4.739,4.2471,3.9572,3.8132,3.7903,9.8107,2.4323,1.7476,1.397,1.194,1.071,1.037,1.3657,1.3591,5.9527
24,305,1.9781786759691604,2.467256324853702,1.8048,0.855482280254364,4.258472919464111,2.114,0.147836,0.229154,0.337585,0.080688,0.3019,True,0.023039,-0.002046,-0.002626,-0.05,6.2222,6.2681,6.8896,2.9892,2.9578,6.3102,6.068,1.3163,1.3175,6.1855,4.1719,3.8597,0.3019,0.3623,0.4837,0.7627,0.3689,5.0533,5.1903,5.5078,5.5757,4.7533,4.2556,3.9616,3.8146,3.7906,9.8072,2.4583,1.7603,1.4044,1.1986,1.0741,1.0321,1.3671,1.3602,5.949
24,306,1.9758434386720785,2.4676062307829896,1.8004,0.855482280254364,4.258472919464111,2.1124,0.150744,0.235914,0.34816,0.083068,0.3014,True,0.027133,-0.002471,-0.002783,-0.05,6.2102,6.2553,6.8676,2.9999,2.9597,6.3213,6.0729,1.3168,1.3179,6.1788,4.2041,3.8631,0.3014,0.361,0.4804,0.7522,0.3437,5.0508,5.183,5.4945,5.6058,4.7711,4.2661,3.9672,3.8164,3.7876,9.8032,2.4909,1.776,1.4135,1.2044,1.0779,1.0352,1.3688,1.3616,5.9634
24,307,1.9731075781839538,2.4680295580986513,1.7953,0.855482280254364,4.258472919464111,2.1106,0.150249,0.237085,0.34636,0.083481,0.3009,True,0.026127,-0.002346,-0.00281,-0.05,6.2603,6.2432,6.8467,3.0121,2.9598,6.3322,6.0779,1.3173,1.3182,6.1724,4.2358,3.8501,0.3009,0.3598,0.4773,0.7424,0.3242,5.0486,5.1761,5.4819,5.6354,4.7885,4.2764,3.9727,3.8182,3.7877,9.7996,2.5231,1.7915,1.4224,1.2101,1.0816,1.0382,1.346,1.3613,5.9587
24,308,1.9704872652783156,2.468448288434985,1.7903,0.855482280254364,4.258472919464111,2.1089,0.14972,0.237349,0.344437,0.083574,0.3005,True,0.026451,-0.002326,-0.002817,-0.05,6.3412,6.2313,6.826,3.0262,2.9607,6.3434,6.083,1.4524,1.3186,6.1662,4.2682,3.842,0.3005,0.3586,0.4742,0.7329,0.308,5.0464,5.1693,5.4694,5.6654,4.8061,4.2868,3.9784,3.8201,3.788,9.7962,2.5563,1.8073,1.4315,1.2158,1.0854,1.0339,1.3215,1.3626,5.9542
24,309,1.967848946471452,2.4688835151201056,1.7854,0.855482280254364,4.258472919464111,2.1071,0.149701,0.237631,0.344367,0.083673,0.3,True,0.025314,-0.002201,-0.002823,-0.05,11.0066,6.22,6.8064,3.0423,2.9624,6.3543,6.088,1.7164,1.319,6.1604,4.2999,3.8663,0.3,0.3575,0.4713,0.724,0.4137,5.0445,5.1629,5.4577,5.6947,4.8234,4.297,3.9839,3.822,3.7851,9.7932,2.589,1.8227,1.4404,1.2214,1.0891,1.0368,1.2988,1.3639,5.95
24,310,1.9653370717201486,2.469310236051171,1.7806,0.855482280254364,4.258472919464111,2.1054,0.170653,0.215488,0.420555,0.075876,0.3045,True,0.031012,0.022567,-0.002322,-0.05,10.9944,6.2331,6.7836,3.0656,2.9635,6.3674,6.0942,2.2178,1.3195,6.1536,4.3383,3.8587,0.3045,0.3561,0.468,0.7138,0.382,5.0423,5.1555,5.4439,5.7301,4.8441,4.3093,3.9906,3.8245,3.7852,9.79,2.6289,1.8414,1.451,1.2282,1.0936,1.0402,1.2728,1.3655,5.9638
24,311,1.962277359235861,2.469846709943441,1.7749,0.855482280254364,4.258472919464111,2.1034,0.173675,0.220186,0.431547,0.07753,0.3039,True,0.031715,-0.002983,-0.002424,-0.05,5.9822,6.2375,6.7602,3.0978,2.9641,6.3813,6.1008,3.2584,1.3201,6.1469,4.379,3.8433,0.3039,0.3548,0.4645,0.7037,0.356,5.0402,5.148,5.4298,5.7675,4.866,4.3224,3.9977,3.8271,3.7855,9.7869,2.6717,1.8613,1.4623,1.2353,1.0983,1.0364,1.2468,1.3654,5.9584
24,312,1.95916799952654,2.4704105541622097,1.769,0.855482280254364,4.258472919464111,2.1013,0.151989,0.246209,0.352687,0.086693,0.3035,True,0.024829,-0.002363,-0.003031,-0.05,5.9773,6.2263,6.7418,3.1365,2.9656,6.3926,6.1062,5.3908,1.3213,6.1416,4.4124,3.8546,0.3035,0.3537,0.4618,0.6957,0.3387,5.0387,5.1421,5.4187,5.7981,4.8839,4.333,4.0036,3.8293,3.7826,9.7847,2.7071,1.8776,1.4715,1.2411,1.1021,1.0393,1.2267,1.3666,5.9542
24,313,1.9567474381794379,2.470862567384247,1.7644,0.855482280254364,4.258472919464111,2.0996,0.155561,0.246842,0.365675,0.086916,0.303,True,0.02483,-0.002248,-0.003047,-0.05,5.9729,6.2157,6.7243,7.6397,2.9674,6.4037,6.1116,6.0208,1.3217,6.1367,4.4451,3.8679,0.303,0.3527,0.4593,0.6883,0.3244,5.0373,5.1365,5.4082,5.8279,4.9013,4.3434,4.0093,3.8316,3.7827,9.7828,2.742,1.8935,1.4805,1.2467,1.1058,1.0421,1.2079,1.3679,5.9692
24,314,1.9543385442216923,2.4713237421942598,1.7599,0.855482280254364,4.258472919464111,2.0979,0.143872,0.335151,0.323173,0.118011,0.3026,True,0.019763,-0.001855,-0.005616,-0.05,5.9692,6.2516,6.7099,7.6156,2.9673,6.4131,6.1162,6.0213,1.322,6.1327,4.4728,3.8579,0.3026,0.3519,0.4572,0.6823,0.3139,5.0362,5.132,5.3995,5.8531,4.916,4.3521,4.0142,3.8335,3.7828,9.7813,2.7718,1.907,1.4881,1.2514,1.1089,1.0371,1.1926,1.3673,5.9657
24,315,1.9524296612802075,2.4716973092496137,1.7562,0.855482280254364,4.258472919464111,2.0966,0.14052,0.328052,0.310984,0.115511,0.3023,True,0.018533,-0.001574,-0.005381,-0.05,5.9662,6.2438,6.6977,7.5952,2.9676,6.4212,6.1202,6.0218,1.3223,6.1294,4.4969,3.8494,0.3023,0.3512,0.4555,0.6773,0.3058,5.0353,5.1282,5.3922,5.8738,4.9288,4.3597,4.0184,3.8352,3.783,9.7802,2.7978,1.9187,1.4947,1.2556,1.1116,1.039,1.1799,1.3682,5.9627
24,316,1.950646251635727,2.4720527401594756,1.7529,0.855482280254364,4.258472919464111,2.0954,0.143194,0.333536,0.320705,0.117442,0.3018,True,0.029139,-0.002674,-0.005562,-0.05,5.9613,6.231,6.6777,7.5616,2.969,6.4349,6.127,6.0227,1.3236,6.1239,4.5378,3.8463,0.3018,0.35,0.4525,0.6691,0.3804,5.034,5.1219,5.3801,5.8538,4.9503,4.3725,4.0255,3.8381,3.7803,9.7786,2.8424,1.9386,1.5058,1.2625,1.1162,1.0423,1.1592,1.3696,5.9579
24,317,1.9478620382163931,2.472625649665597,1.7476,0.855482280254364,4.258472919464111,2.0935,0.140676,0.329462,0.31155,0.116008,0.3015,True,0.015636,-0.001401,-0.005427,-0.05,5.9587,6.2241,6.6669,7.5437,2.9702,6.4424,6.1308,6.0233,1.3239,6.121,4.5603,3.8613,0.3015,0.3493,0.451,0.6647,0.3688,5.0333,5.1186,5.3736,5.8431,4.9621,4.3795,4.0295,3.8398,3.7803,9.7778,2.8671,1.9496,1.5119,1.2663,1.1187,1.0439,1.1483,1.3704,5.9553
24,318,1.9463709506057822,2.4729358750680035,1.7447,0.855482280254364,4.258472919464111,2.0924,0.139107,0.326634,0.305844,0.115012,0.3013,True,0.014808,-0.001265,-0.005334,-0.05,5.9564,6.2179,6.6572,7.5274,2.9712,6.4494,6.1343,6.0239,1.3241,6.1184,4.5811,3.8695,0.3013,0.3488,0.4496,0.6608,0.359,5.0327,5.1156,5.3678,5.8334,4.9729,4.386,4.0331,3.8413,3.7804,9.7772,2.89,1.9597,1.5175,1.2698,1.121,1.0385,1.1385,1.3696,6.0497
24,319,1.9449630917401586,2.473232888597803,1.7421,0.855482280254364,4.258472919464111,2.0914,0.139713,0.328635,0.308048,0.115717,0.301,True,0.016038,-0.001317,-0.0054,-0.05,5.9729,6.2562,6.647,7.5104,2.9711,6.4567,6.138,6.0246,1.3243,6.1158,4.6032,3.862,0.301,0.3482,0.4482,0.6568,0.3496,5.0322,5.1125,5.3617,5.8233,4.9844,4.3929,4.037,3.8429,3.7805,9.7766,2.9146,1.9705,1.5235,1.2735,1.1234,1.0402,1.1283,1.3703,6.1526
24,320,1.943442763440754,2.4735579887136727,1.7392,0.855482280254364,4.258472919464111,2.0904,0.141428,0.332189,0.314284,0.116968,0.3005,True,0.028618,-0.002261,-0.005517,-0.05,5.9683,6.2443,6.6295,7.481,2.9716,6.4697,6.1447,6.0258,1.3248,1.3433,4.6425,3.8492,0.3005,0.3472,0.4457,0.6499,0.3349,5.0313,5.1071,5.3511,5.8057,5.0048,4.405,4.0438,3.8459,3.7808,9.7758,2.9585,1.9896,1.5341,1.28,1.1277,1.0431,1.111,1.3716,6.3408
24,321,1.940748234208375,2.47415102694062,1.734,0.855482280254364,4.258472919464111,2.0884,0.134779,0.298599,0.290105,0.105141,0.3001,True,0.026085,-0.00231,-0.004458,-0.05,5.964,6.233,6.6127,7.4528,2.9729,6.4826,6.1513,6.0272,1.3252,1.3429,4.6815,3.8439,0.3001,0.3462,0.4432,0.6433,0.3221,3.4767,5.1021,5.341,5.7889,5.0249,4.417,4.0506,3.8489,3.778,8.554,3.0026,2.0086,1.5445,1.2865,1.132,1.0447,1.0947,1.3729,6.5353
29,208,-1.5727876871434003,0.21484402883205228,2.647,-2.97731876373291,1.9542388916015625,2.2357,0.308137,-0.030065,0.920499,-0.010586,0.3859,True,0.361652,-0.077875,-4.5e-05,-0.05,6.9912,9.9801,9.8452,2.6257,1.9394,1.3402,1.0483,0.883,0.8174,0.9391,0.4323,0.3895,0.3859,0.3932,0.45,2.9237,3.3353,4.0248,5.2767,6.0298,5.9551,2.8337,2.9734,6.4246,5.0471,4.2615,3.7875,3.5492,8.4164,3.4168,8.3229,8.5097,8.9855,7.3425,6.207,3.261
29,209,-1.5963409464702838,0.22684798616554303,2.6425,-2.97731876373291,1.9542388916015625,2.2116,0.225773,-0.090327,0.620994,-0.031805,0.3703,True,0.361282,-0.077974,-0.000408,-0.05,3.6037,10.0102,9.8685,2.6111,1.9193,1.3214,1.0316,0.8677,0.8223,0.9816,0.4001,0.3713,0.3703,0.3823,0.4545,2.9005,3.3054,3.983,5.2101,6.0098,5.9317,2.8125,2.9036,6.3895,5.0905,4.2925,3.8114,3.5693,8.4355,3.4306,8.3356,8.5169,8.9866,7.4101,6.2561,3.2759
29,210,-1.6198077243315079,0.2389574666382001,2.6383,-2.97731876373291,1.9542388916015625,2.1875,0.323831,0.008021,0.977566,0.002824,0.3549,True,0.369306,-0.076922,-3e-06,-0.05,3.5808,10.0469,9.8904,2.6399,1.9197,1.3109,1.0189,0.8546,0.8197,0.4919,0.3746,0.355,0.3549,0.3717,0.4623,2.8691,3.2623,3.9192,5.1022,5.9956,5.9097,2.7924,2.8422,6.3453,5.1616,4.3402,3.8456,3.5722,8.4615,3.4453,8.3481,8.5173,8.973,7.5142,6.3263,3.3033
29,211,-1.6441454991373456,0.25113321260611426,2.6304,-2.97731876373291,1.9542388916015625,2.1628,0.214562,-0.096933,0.580227,-0.034131,0.3406,True,0.372157,-0.07124,-0.00047,-0.05,3.5897,10.077,9.9145,2.6526,1.8943,1.2893,1.0004,0.8381,0.826,0.4111,0.3515,0.3406,0.3414,0.3654,2.7147,2.8467,3.2342,3.8808,5.0429,5.9746,5.8857,2.7716,2.8025,6.3117,5.2034,4.3705,3.8692,3.5688,3.6953,3.4596,3.4605,8.5264,8.9772,7.5794,6.3741,3.3385
29,212,-1.6679853285228892,0.264014444124564,2.6273,-2.97731876373291,1.9542388916015625,2.138,0.260607,-0.153806,0.747663,-0.054157,0.3272,True,0.336241,-0.067276,-0.001183,-0.05,3.5556,9.9097,9.9357,2.6761,1.9052,1.283,0.9899,0.8264,0.836,0.3762,0.3337,0.3272,0.3294,0.3581,2.7086,2.8131,3.1874,3.8107,4.9239,5.9649,5.8656,2.7543,2.7646,6.2659,5.2888,4.4264,3.9084,3.5972,3.5747,3.474,3.4743,8.5243,8.9578,7.7019,6.4542,3.3467
29,213,-1.6905495472089362,0.2749273002974413,2.6161,-2.97731876373291,1.9542388916015625,2.1156,0.23319,-0.190068,0.647964,-0.066925,0.3129,True,0.318153,-0.071127,-0.001806,-0.05,3.4847,9.5097,9.9585,2.8816,1.9529,1.29,0.9855,0.8306,0.8482,0.3499,0.317,0.3129,0.3165,0.3479,2.6706,2.7674,3.1216,3.7097,4.7493,5.9654,5.8485,2.7407,2.7372,6.2069,5.4262,4.5133,3.967,3.6377,3.591,8.3918,3.4899,8.5141,8.9183,7.8938,6.5744,3.3691
29,214,-1.7126113301947308,0.28478335338495464,2.5987,-2.97731876373291,1.9542388916015625,2.0944,0.207954,-0.229519,0.556197,-0.080817,0.3002,True,0.283765,-0.063671,-0.002634,-0.05,3.3981,9.0622,9.9833,3.24,2.0314,1.3077,0.9864,0.8252,0.8523,0.3291,0.302,0.3002,0.3037,0.3359,2.6517,2.7181,3.0498,3.5988,4.5585,5.9755,5.8367,2.7541,2.7246,6.1458,5.598,4.6196,4.0372,3.6851,3.5901,8.413,3.5057,8.5014,8.8705,8.1306,6.7189,3.3939
29,215,-1.73277367003146,0.29327852058989984,2.5775,-2.97731876373291,1.9542388916015625,2.0755,0.263439,-0.160205,0.757959,-0.05641,0.3002,True,0.334789,2.4e-05,-0.001283,-0.05,3.4199,8.6931,10.0135,3.6831,2.1069,1.3204,0.9833,0.8301,0.3981,0.3074,0.3007,0.6746,0.3002,0.3256,2.6258,2.6712,2.9827,3.4974,4.3885,5.9844,5.8251,2.8031,2.7093,6.0886,5.7736,4.728,4.1092,3.7344,3.6106,8.4387,3.5229,8.4953,8.8324,8.3722,6.8658,3.4582
29,216,-1.7552830101871941,0.30434141937040055,2.5588,-2.97731876373291,1.9542388916015625,2.0532,0.179412,-0.212804,0.452406,-0.074931,0.3022,True,0.298408,0.009942,-0.002264,-0.05,3.4566,8.4152,10.0435,6.3702,2.1728,1.3284,0.9781,0.8264,0.3482,0.3038,0.6415,0.6577,0.3022,0.3185,2.6096,2.6316,2.9269,3.4143,4.2521,5.8724,5.8152,5.796,2.6958,6.0412,5.9326,4.8256,4.1741,3.7792,3.626,8.4644,3.5389,8.4944,8.8052,8.59,6.9976,3.5164
29,217,-1.7750420862751142,0.31449246093429106,2.5421,-2.97731876373291,1.9542388916015625,2.0333,0.31101,0.061117,0.930944,0.02152,0.3033,True,0.306934,0.005515,-0.000187,-0.05,3.4753,8.1004,10.0784,6.3843,2.2775,1.3467,0.9771,0.8321,0.3174,0.3034,0.6367,0.6414,0.3033,0.3098,2.6499,2.5887,2.8657,3.3228,4.1022,5.582,5.8104,5.7807,2.6842,2.8106,6.1321,4.9456,4.2525,3.8325,3.6252,8.4956,3.5553,8.4934,8.7725,8.864,7.1596,3.5845
29,218,-1.7953666242977924,0.32499541672585786,2.5228,-2.97731876373291,1.9542388916015625,2.0128,0.200376,-0.039072,0.528641,-0.013758,0.3018,True,0.318923,-0.007422,-7.6e-05,-0.05,3.4999,7.936,10.1099,6.4091,2.3237,1.3434,0.9655,0.8338,0.3022,0.571,0.6353,0.6223,0.3018,0.3097,2.6798,2.5759,2.8222,3.2606,4.0049,5.4031,5.8004,5.7635,2.6701,2.7288,6.2721,5.0312,4.3101,3.8731,3.636,8.5225,3.5717,8.5005,8.7607,9.0517,7.2727,3.6367
29,219,-1.8149508733818545,0.3370787722819893,2.512,-2.97731876373291,1.9542388916015625,1.9916,0.253012,0.043052,0.720044,0.015159,0.3016,True,0.335301,-0.000996,-9.3e-05,-0.05,3.5259,7.9386,10.1306,6.4258,2.2798,1.3134,0.9426,0.3604,0.3016,0.5889,0.6365,0.6003,0.3047,0.3267,2.6445,2.5416,2.8019,3.2353,3.9708,5.3505,5.7831,5.7451,2.6547,2.6963,6.3124,5.061,4.3332,3.8922,3.6527,8.5383,3.5868,8.5133,8.771,9.1092,7.3129,3.6642
29,220,-1.8340785983410821,0.35087641386968493,2.511,-2.97731876373291,1.9542388916015625,1.9692,0.161886,-0.013016,0.388675,-0.004583,0.3037,True,0.298157,0.010601,-8e-06,-0.05,3.5384,8.0306,10.144,6.4364,2.1897,1.2712,0.9152,0.3037,0.5154,0.6048,0.6288,0.5752,0.3069,7.3248,2.5752,2.5306,2.7949,3.2311,3.9722,5.367,5.7623,5.7269,2.6396,2.678,6.2988,5.0575,4.3354,3.8979,3.6607,8.5466,3.5992,8.5281,8.7925,9.0883,7.3091,3.6761
29,221,-1.850560542718082,0.3635484822930588,2.5146,-2.97731876373291,1.9542388916015625,1.9493,0.131986,0.012406,0.279948,0.004368,0.3007,True,0.197153,-0.015418,-8e-06,-0.05,3.551,8.0579,10.155,6.4466,2.1492,1.2489,0.8995,0.3007,0.537,0.6118,0.62,0.5571,0.3009,7.3169,2.5432,2.5221,2.7859,3.2211,3.9608,5.3535,5.7504,5.7154,2.6305,2.6628,6.2926,5.0667,4.344,3.9061,3.6496,8.5544,3.6075,8.5367,8.8022,9.1021,7.3219,3.689
29,222,-1.8617434862866353,0.37174003880848133,2.5151,-2.97731876373291,1.9542388916015625,1.9362,0.194895,0.173407,0.508708,0.061059,0.3018,True,0.239355,0.005748,-0.001503,-0.05,3.5585,8.1557,10.1633,6.4611,2.072,1.2146,0.878,0.3043,0.5597,0.62,0.6086,0.5318,0.3018,7.3112,2.4984,2.5182,2.7846,3.2241,3.9723,5.3867,5.7338,5.7016,2.6188,2.6522,6.2803,5.0544,4.3398,3.9066,3.6591,8.5587,3.6165,8.5486,8.8219,9.0641,7.3064,3.6935
29,223,-1.8746612594199648,0.3821636647426042,2.5211,-2.97731876373291,1.9542388916015625,1.9202,0.054721,-0.07489,-0.001015,-0.02637,0.3065,True,0.225365,0.023418,-0.00028,-0.05,3.577,8.4645,10.161,3.5763,1.916,1.1564,0.3354,0.3072,0.586,0.6309,0.5932,0.3065,0.3182,7.3165,2.4912,2.5317,2.8105,3.2704,4.0586,5.5712,5.709,5.6862,2.605,2.6649,6.1405,4.9779,4.2958,3.8822,3.6604,8.5511,3.6221,8.5684,8.8691,8.8762,7.2067,3.6691
29,224,-1.8855859878286196,0.3928551859768935,2.5378,-2.97731876373291,1.9542388916015625,1.9052,0.170132,0.163445,0.41866,0.057551,0.3052,True,0.212599,-0.006282,-0.001336,-0.05,3.6012,8.7417,10.1618,2.9885,1.8005,1.1111,0.3052,0.5145,0.6047,0.6294,0.5762,0.3069,2.3799,7.3224,2.4819,2.5435,2.833,3.3109,4.1346,5.7369,5.6891,5.6729,2.5923,2.685,6.0302,4.9172,4.2608,3.8631,3.6693,8.5466,3.6292,8.5868,8.9107,8.7288,7.1283,3.6507
29,225,-1.8963510604331224,0.4026257709992836,2.5517,-2.97731876373291,1.9542388916015625,1.891,0.036082,-0.144513,-0.068794,-0.050885,0.3051,True,0.188314,-0.000871,-0.001044,-0.05,3.6232,9.0587,10.1638,2.8568,1.6926,1.0677,0.3051,0.548,0.6209,0.6236,0.5545,0.3086,3.0077,7.3313,2.4743,2.5579,2.8594,3.3577,4.2224,5.8203,5.67,5.6598,2.5807,2.7319,5.9163,4.8536,4.2239,3.8426,3.6585,8.5428,3.633,8.6076,8.9566,8.5769,7.0464,3.6307
29,226,-1.9057643506657072,0.411370712792466,2.5659,-2.97731876373291,1.9542388916015625,1.8785,0.164899,0.186626,0.399631,0.065713,0.3039,True,0.18476,-0.006001,-0.001741,-0.05,3.6163,9.263,10.1695,2.8656,1.6265,1.0385,0.3083,0.5701,0.6312,0.6161,0.5323,0.3039,4.0,7.3351,2.46,2.5644,2.8729,3.3831,4.2724,5.7967,5.6558,5.6482,2.5704,5.9415,5.8554,4.8204,4.2055,3.8334,3.6723,8.5435,3.6394,8.623,8.9872,8.4967,7.0047,3.6237
29,227,-1.915738919584585,0.4194440218589999,2.5752,-2.97731876373291,1.9542388916015625,1.8662,0.057877,-0.149203,0.010463,-0.052536,0.3025,True,0.18914,-0.007058,-0.001113,-0.05,3.6942,9.6044,10.1753,2.8781,1.5395,0.3822,0.3025,0.5943,0.6427,0.605,0.3063,0.3402,6.9405,7.346,2.4521,2.5793,2.8999,3.4312,4.3639,5.7648,5.6389,5.6349,2.5586,5.9556,5.7551,4.7639,4.1727,3.8156,3.6622,8.5427,3.6429,8.6458,9.0347,8.3641,6.933,3.6473
29,228,-1.9256430079688684,0.42792890815819423,2.5884,-2.97731876373291,1.9542388916015625,1.8535,0.132333,0.046325,0.281212,0.016312,0.3001,True,0.174308,-0.011766,-0.000107,-0.05,3.7291,9.7179,10.1844,2.8901,1.502,0.3405,0.3001,0.6084,0.6442,0.5939,0.3001,2.3663,7.2568,7.345,2.4503,2.5787,2.9022,3.4386,4.3823,5.7487,5.6273,5.6241,2.5491,5.9523,5.7346,4.7542,4.1687,3.8153,3.664,8.5471,3.6492,8.657,9.0532,8.3392,6.9228,3.6508
29,229,-1.9359318378281551,0.4349581329255968,2.5923,-2.97731876373291,1.9542388916015625,1.8419,0.091827,-0.109141,0.133917,-0.03843,0.3022,True,0.14047,0.010665,-0.000596,-0.05,3.721,9.6528,10.1948,2.8981,1.4965,0.3253,0.3066,0.6164,0.6413,0.5843,0.3022,2.3606,7.2504,7.3347,2.4398,2.5666,2.8861,3.4156,4.3454,5.7437,5.619,5.6151,2.5427,5.936,5.7697,4.7772,4.1851,3.8275,3.674,8.5545,3.655,8.6588,9.0494,8.3892,6.9556,3.6693
29,230,-1.945347244140009,0.43986605029522086,2.5874,-2.97731876373291,1.9542388916015625,1.8326,0.223643,0.133118,0.613247,0.046872,0.3026,True,0.184093,0.002054,-0.000886,-0.05,3.6822,9.454,10.2094,2.9056,1.5117,0.3129,0.3047,0.6224,0.637,0.5734,0.3026,2.3499,5.997,7.3155,2.4207,2.5435,2.8533,3.3662,4.2625,5.7454,5.6113,5.6053,2.5346,2.6733,5.8546,4.8301,4.2204,3.8518,3.6754,8.5665,3.6657,8.6553,9.03,8.5068,7.0279,3.6636
29,231,-1.9579398293621084,0.4461520311843313,2.5785,-2.97731876373291,1.9542388916015625,1.8203,0.040999,-0.160347,-0.050912,-0.05646,0.3018,True,0.187947,-0.004002,-0.001286,-0.05,3.679,9.3755,10.2239,2.9165,1.5032,0.3021,0.5568,0.6315,0.6317,0.5573,0.3018,2.3419,5.602,7.302,2.4069,2.5274,2.8322,3.3364,4.2156,5.7389,5.6005,5.5933,2.525,2.6228,5.9034,4.8619,4.2429,3.8685,3.6888,8.577,3.6736,8.6585,9.026,8.5756,7.0726,3.6865
29,232,-1.9700672469741751,0.4530909640452555,2.5743,-2.97731876373291,1.9542388916015625,1.8078,0.17453,0.103941,0.434654,0.036599,0.302,True,0.170736,0.000824,-0.00054,-0.05,3.6982,9.3192,10.2356,2.9254,1.4949,0.302,0.5717,0.6383,0.6267,0.3061,0.314,2.3371,5.3795,7.2915,2.396,2.5149,2.8159,3.3136,4.1799,5.7334,5.5919,5.5837,2.5173,2.5929,5.9412,4.8867,4.2605,3.8817,3.6828,8.5856,3.6841,8.6616,9.0236,8.629,7.1074,3.7058
29,233,-1.980887183847346,0.45954794947177596,2.5717,-2.97731876373291,1.9542388916015625,1.7964,0.043924,-0.152099,-0.040276,-0.053556,0.3021,True,0.167507,0.000695,-0.001157,-0.05,3.7057,9.4427,10.244,2.9379,1.4512,0.3021,0.5912,0.6481,0.6199,0.3032,0.3398,2.3325,6.4204,7.2904,2.3943,2.5147,2.819,3.3224,4.2008,5.7155,5.5792,5.5724,2.5076,2.5877,5.9136,4.8731,4.2544,3.8802,3.6967,8.5894,3.6913,8.6735,9.0439,8.5939,7.0917,3.7079
29,234,-1.990547204389998,0.4665350279708375,2.5763,-2.97731876373291,1.9542388916015625,1.7852,0.166916,0.132697,0.406966,0.046724,0.3032,True,0.064752,0.005323,-0.00088,-0.05,3.7282,9.1206,10.2587,2.9432,1.5119,0.3032,0.591,0.6484,0.6207,0.3034,0.3397,2.3277,4.6058,7.2717,2.3921,2.4903,2.7812,3.2619,4.0945,5.731,5.5792,5.5677,2.5041,2.5449,6.0406,4.9481,4.3014,3.9098,3.7028,8.6007,3.6963,8.6596,9.0045,8.7745,7.198,3.7498
29,235,-1.9977694937883856,0.46693597627067507,2.5585,-2.97731876373291,1.9542388916015625,1.7809,0.237665,0.204634,0.664238,0.072054,0.3029,True,0.078398,-0.001343,-0.002094,-0.05,3.7408,8.5126,10.2937,6.6025,1.6779,0.3029,0.5846,0.6468,0.6262,0.3062,0.3319,2.3261,2.9204,7.242,2.3732,2.4461,2.7112,3.1486,3.896,5.3218,5.5872,5.5618,2.4996,2.504,6.1663,5.112,4.4027,3.9727,3.7227,3.7056,3.6984,3.7092,8.9267,9.1772,7.4306,3.8386
29,236,-2.008519092565897,0.46614431820502766,2.5261,-2.97731876373291,1.9542388916015625,1.7757,0.230977,0.212543,0.639917,0.074839,0.3001,True,0.097236,-0.01424,-0.002259,-0.05,3.7476,7.9538,10.3459,6.61,1.9174,0.3059,0.3002,0.6474,0.6337,0.3001,0.3293,2.3269,2.3218,7.2215,2.3701,2.4045,2.6444,3.0404,3.7091,4.9486,5.6008,5.5544,2.5121,2.4935,6.0651,5.3058,4.5215,4.0468,3.7663,3.711,4.9929,3.7051,8.8559,9.4019,7.7062,3.9455
29,237,-2.0199427112321153,0.4664720640619249,2.493,-2.97731876373291,1.9542388916015625,1.7692,0.221145,0.189184,0.604164,0.066614,0.3021,True,0.103715,0.010133,-0.00179,-0.05,3.7497,7.5039,10.4085,10.2646,2.2238,0.3156,0.3034,0.6492,0.6411,0.3021,0.3299,2.3349,2.3228,7.2118,2.3858,2.3697,2.5876,2.9488,3.5533,4.6478,5.6192,5.5478,2.5708,2.4878,5.9806,5.5086,4.645,4.1243,3.8132,3.7153,7.1033,3.7131,0.3868,9.2879,7.9896,6.7497
41,577,2.3575793299630687,-6.3308541658998045,-0.2386,4.241028308868408,-6.259049892425537,1.8848,0.183069,0.029545,0.465705,0.010403,0.3058,True,0.143624,0.020844,-4.4e-05,-0.05,4.6694,4.6565,4.6889,3.3832,2.5157,2.0521,1.7787,1.613,1.5179,1.4759,1.3843,0.5217,0.3275,0.3058,0.4773,0.4141,0.3758,0.3539,0.3444,0.3436,0.3463,0.3596,0.3863,0.4315,0.5062,0.3087,0.372,0.6541,3.0975,7.4067,4.9823,8.4799,11.7471,5.5855,5.0775,4.7883
41,578,2.3673501140210655,-6.335624770468713,-0.2329,4.241028308868408,-6.259049892425537,1.8752,0.088406,0.030143,0.121478,0.010614,0.301,True,0.003953,-0.023791,-4.5e-05,-0.05,4.6686,4.6573,4.6927,3.3455,2.4963,2.0406,1.7713,1.6082,1.5149,1.4744,1.3115,0.5094,0.3222,0.301,0.4737,0.4116,0.374,0.3526,0.3434,0.3427,0.3456,0.3593,0.3864,0.4321,0.5077,0.3099,0.3743,0.6653,9.46,7.3948,4.9919,8.5037,11.7947,5.5677,5.0673,4.7834
41,579,2.3677314558218168,-6.338450146616075,-0.2282,4.241028308868408,-6.259049892425537,1.875,0.074122,0.136774,0.069534,0.04816,0.3005,True,0.003227,-0.002521,-0.000935,-0.05,4.668,4.658,4.6956,3.3187,2.4825,2.0324,1.7661,1.6048,1.5129,1.4734,1.2625,0.5007,0.3183,0.3076,0.4712,0.4098,0.3727,0.3516,0.3426,0.3421,0.3451,0.359,0.3864,0.4325,0.5088,0.3005,0.3761,0.6737,9.4636,7.3992,4.9989,8.5212,11.8299,5.5549,5.0599,4.7799
41,580,2.368032971456819,-6.3404573752119155,-0.2245,4.241028308868408,-6.259049892425537,1.8748,0.072851,0.131526,0.064911,0.046312,0.3012,True,0.003156,0.003394,-0.000865,-0.05,4.6676,4.6586,4.6982,3.2953,2.4704,2.0253,1.7616,1.602,1.5111,1.4726,1.2212,0.4931,0.3149,0.3044,0.4689,0.4083,0.3716,0.3507,0.342,0.3415,0.3447,0.3588,0.3864,0.4329,0.5099,0.3012,0.3777,0.6816,7.7949,5.3045,5.0052,8.537,11.8616,5.5435,5.0534,4.7768
41,581,2.368325089298704,-6.342311426886027,-0.221,4.241028308868408,-6.259049892425537,1.8746,0.079396,0.105978,0.088713,0.037316,0.3009,True,0.003404,-0.001386,-0.000562,-0.05,4.6672,4.6592,4.7011,3.2703,2.4575,2.0176,1.7568,1.5989,1.5093,1.4718,1.1791,0.485,0.3113,0.3009,0.4664,0.4065,0.3703,0.3498,0.3413,0.3409,0.3443,0.3586,0.3865,0.4334,0.511,0.3019,0.3794,0.6904,7.5782,5.2448,4.9824,8.5543,11.8962,5.5314,5.0464,4.7736
41,582,2.3686363483057096,-6.34418212525915,-0.2176,4.241028308868408,-6.259049892425537,1.8743,0.084383,0.105336,0.106847,0.03709,0.3026,True,0.003045,0.008211,-0.000555,-0.05,4.6669,4.6597,4.7037,3.2487,2.4463,2.011,1.7526,1.5962,1.5077,1.471,1.1442,0.4781,0.3081,0.564,0.4643,0.405,0.3692,0.349,0.3407,0.3403,0.3439,0.3584,0.3865,0.4338,0.512,0.3026,0.3809,0.6984,7.3979,5.1935,4.9881,8.5695,11.9269,5.5208,5.0403,4.7708
41,583,2.3689217712604345,-6.345971481571187,-0.2142,4.241028308868408,-6.259049892425537,1.8741,0.079944,0.098426,0.090705,0.034657,0.3033,True,0.003619,0.003748,-0.000484,-0.05,4.6666,4.6603,4.7067,3.2241,2.4335,2.0034,1.7478,1.5932,1.5059,1.4702,1.1059,0.4702,0.3045,0.5602,0.4618,0.4033,0.3679,0.348,0.34,0.3397,0.3434,0.3581,0.3865,0.4342,0.5131,0.3033,0.3827,0.7079,7.3976,5.1356,4.9949,8.5874,11.9628,5.5087,5.0334,4.7676
41,584,2.3692523514728965,-6.347868642559495,-0.2106,4.241028308868408,-6.259049892425537,1.8739,0.084377,0.101621,0.106825,0.035782,0.3013,True,0.003268,-0.010144,-0.000516,-0.05,4.6664,4.661,4.7096,3.2023,2.4221,1.9966,1.7435,1.5904,1.5043,1.4695,1.0733,0.4633,0.3013,0.5568,0.4596,0.4018,0.3668,0.3472,0.3394,0.3391,0.343,0.3579,0.3866,0.4346,0.5142,0.304,0.3844,0.7168,7.4014,5.0845,5.001,8.6036,11.9954,5.4979,5.0273,4.7648
41,585,2.369558472996019,-6.349704276383376,-0.2072,4.241028308868408,-6.259049892425537,1.8737,0.08096,0.096681,0.094398,0.034043,0.3047,True,0.003354,0.017229,-0.000467,-0.05,4.6663,4.6617,4.7126,3.1798,2.4103,1.9895,1.739,1.5876,1.5026,1.4688,1.0409,0.4563,0.3083,0.5533,0.4574,0.4002,0.3656,0.3463,0.3387,0.3385,0.3426,0.3577,0.3866,0.435,0.5153,0.3047,0.3862,0.7265,7.4055,5.0322,5.0075,8.6208,12.0,5.4867,5.0209,4.7619
41,586,2.3698691261456983,-6.351478598776321,-0.2039,4.241028308868408,-6.259049892425537,1.8734,0.074945,0.084899,0.072527,0.029894,0.3053,True,0.00299,0.00286,-0.00036,-0.05,4.6662,4.6622,4.7151,3.1619,2.4009,1.9839,1.7355,1.5853,1.5013,1.4682,1.0159,0.4506,0.3055,0.5505,0.4555,0.3989,0.3647,0.3456,0.3382,0.338,0.3422,0.3575,0.3866,0.4354,0.5162,0.3053,0.3876,0.7344,7.4089,4.9911,5.0128,8.6348,12.0,5.4778,5.0158,4.7597
41,587,2.370146688381418,-6.353043488849282,-0.201,4.241028308868408,-6.259049892425537,1.8732,0.08088,0.093688,0.094108,0.032989,0.3024,True,0.003281,-0.014656,-0.000439,-0.05,4.6661,4.6626,4.7179,3.142,2.3903,1.9776,1.7315,1.5828,1.4998,1.4676,0.9891,0.4445,0.3024,0.5474,0.4535,0.3974,0.3636,0.3448,0.3376,0.3374,0.3418,0.3573,0.3867,0.4358,0.5173,0.306,0.3893,0.7438,7.4128,4.9889,5.0189,8.6304,12.0,5.4678,5.0101,4.7572
41,588,2.370447649347126,-6.3546604054599625,-0.198,4.241028308868408,-6.259049892425537,1.873,0.084566,0.096117,0.107512,0.033844,0.3066,True,0.002894,0.02105,-0.000462,-0.05,4.6661,4.6631,4.7203,3.1255,2.3816,1.9724,1.7282,1.5807,1.4986,1.4671,0.9674,0.4394,0.3104,0.5448,0.4518,0.3962,0.3627,0.3441,0.3371,0.337,0.3415,0.3572,0.3867,0.4361,0.5182,0.3066,0.3907,0.7519,7.3977,4.9937,5.024,8.6288,12.0,5.4595,5.0054,4.7551
41,589,2.370718332555337,-6.356164988061997,-0.1951,4.241028308868408,-6.259049892425537,1.8728,0.082516,0.09452,0.100057,0.033282,0.307,True,0.003542,0.002223,-0.000447,-0.05,4.6662,4.6636,4.7069,3.1052,2.3708,1.9659,1.7241,1.5781,1.4971,1.4665,0.9416,0.4332,0.307,0.5416,0.4497,0.3948,0.3616,0.3433,0.3365,0.3364,0.3411,0.357,0.3868,0.4366,0.5193,0.3073,0.3925,0.7622,7.4015,4.9998,5.0304,8.6306,12.0,5.4493,4.9997,4.7526
41,590,2.371043062687679,-6.357850686716345,-0.192,4.241028308868408,-6.259049892425537,1.8726,0.086606,0.097336,0.114929,0.034273,0.3042,True,0.003241,-0.014262,-0.000474,-0.05,4.6663,4.6642,4.6655,3.0881,2.3617,1.9604,1.7206,1.5759,1.4958,1.466,0.9204,0.4279,0.3042,0.5389,0.4479,0.3935,0.3607,0.3426,0.336,0.3359,0.3407,0.3568,0.3868,0.4369,0.5202,0.3079,0.3941,0.7714,7.4048,5.005,5.036,8.6354,10.0087,5.4406,4.9948,4.7505
41,591,2.3713446077131164,-6.35944929425646,-0.189,4.241028308868408,-6.259049892425537,1.8724,0.091272,0.111925,0.131898,0.03941,0.301,True,0.003391,-0.016205,-0.000626,-0.05,4.6664,4.6649,4.6188,3.0687,2.3514,1.9542,1.7166,1.5734,1.4943,1.4654,0.8971,0.4221,0.301,0.5358,0.4459,0.392,0.3596,0.3418,0.3354,0.3353,0.3403,0.3566,0.3869,0.4374,0.5213,0.3087,0.3959,0.7823,7.4086,5.0111,5.0424,8.6449,9.9419,5.4308,4.9892,4.7481
41,592,2.3716596662591916,-6.361086436679828,-0.186,4.241028308868408,-6.259049892425537,1.8722,0.08944,0.106254,0.125235,0.037414,0.3092,True,0.002944,0.041003,-0.000564,-0.05,4.6666,4.6653,4.583,3.0537,2.3433,1.9494,1.7136,1.5715,1.4932,1.4649,0.8794,0.4175,0.3092,0.5333,0.4443,0.3909,0.3588,0.3411,0.3349,0.3348,0.34,0.3564,0.3869,0.4377,0.5222,0.3092,0.3973,0.791,7.4117,4.9979,5.0475,8.6396,9.9113,5.4231,4.985,4.7463
41,593,2.3719363347415876,-6.362543888070652,-0.1832,4.241028308868408,-6.259049892425537,1.872,0.086783,0.104865,0.115576,0.036924,0.3059,True,0.003305,-0.016042,-0.00055,-0.05,4.6668,4.6657,4.5398,3.0356,2.3336,1.9435,1.7098,1.5691,1.4918,1.4644,0.8587,0.4121,0.3059,0.5304,0.4423,0.3895,0.3578,0.3404,0.3343,0.3343,0.3397,0.3563,0.387,0.4381,0.5233,0.31,0.3992,0.8022,7.4155,4.9918,5.0538,8.6342,9.8847,5.4138,4.9797,4.7442
41,594,2.37224392814428,-6.3641013038770256,-0.1803,4.241028308868408,-6.259049892425537,1.8717,0.079446,0.092388,0.088893,0.032531,0.3035,True,0.00292,-0.012167,-0.000427,-0.05,4.667,4.6661,4.5075,3.0219,2.3262,1.939,1.707,1.5673,1.4908,1.464,0.8434,0.408,0.3035,0.5282,0.4409,0.3885,0.357,0.3398,0.3339,0.3339,0.3394,0.3561,0.387,0.4385,0.5241,0.3105,0.4006,0.811,7.4001,4.9961,5.0586,8.6327,9.8698,5.4068,4.9758,4.7425
41,595,2.3725148947285954,-6.365444511894347,-0.1778,4.241028308868408,-6.259049892425537,1.8715,0.081313,0.09596,0.095685,0.033789,0.3001,True,0.002722,-0.017038,-0.00046,-0.05,4.6672,4.6666,4.4734,3.0074,2.3184,1.9343,1.704,1.5654,1.4897,1.4636,0.8275,0.4036,0.3009,0.5259,0.4393,0.3874,0.3561,0.3392,0.3334,0.3334,0.3391,0.356,0.3871,0.4388,0.525,0.3001,0.4021,0.8207,7.403,5.0007,5.0638,8.6334,9.8576,5.3993,4.9716,4.7408
41,596,2.3727676842499776,-6.366684126394006,-0.1755,4.241028308868408,-6.259049892425537,1.8714,0.082772,0.094712,0.100988,0.033349,0.3005,True,0.002406,0.001863,-0.000449,-0.05,4.6674,4.6669,4.4494,2.9972,2.3129,1.931,1.7019,1.5641,1.4889,1.4633,0.8165,0.4006,0.3101,0.5242,0.4382,0.3866,0.3556,0.3387,0.3331,0.3331,0.3389,0.3559,0.3871,0.4391,0.5257,0.3005,0.4032,0.8278,7.4051,5.0041,5.0676,8.6354,9.8511,5.394,4.9687,4.7396
41,597,2.37299095825127,-6.36776513799861,-0.1735,4.241028308868408,-6.259049892425537,1.8712,0.081585,0.095797,0.096672,0.033731,0.301,True,0.00269,0.002511,-0.000459,-0.05,4.6677,4.6674,4.4169,2.9833,2.3053,1.9264,1.699,1.5622,1.4879,1.4629,0.8017,0.3965,0.3074,0.5219,0.4367,0.3855,0.3548,0.3381,0.3326,0.3327,0.3386,0.3557,0.3872,0.4394,0.5266,0.301,0.4047,0.8378,7.408,5.0087,5.0727,8.6402,9.8445,5.3868,4.9647,4.738
41,598,2.3732421689705423,-6.368987441551536,-0.1712,4.241028308868408,-6.259049892425537,1.871,0.082459,0.093728,0.099852,0.033003,0.3013,True,0.002499,0.001783,-0.000439,-0.05,4.6679,4.6678,4.3944,2.9735,2.3001,1.9232,1.6969,1.5609,1.4871,1.4626,0.7916,0.3936,0.3056,0.5204,0.4357,0.3848,0.3542,0.3377,0.3323,0.3324,0.3384,0.3556,0.3872,0.4397,0.5272,0.3013,0.4058,0.8449,7.41,5.012,5.0764,8.6451,9.8416,5.3818,4.9619,4.7369
41,599,2.373471685101968,-6.370045944055873,-0.1693,4.241028308868408,-6.259049892425537,1.8709,0.092939,0.109998,0.137961,0.038732,0.3019,True,0.002804,0.002708,-0.000605,-0.05,4.6683,4.6684,4.3609,2.9591,2.2922,1.9184,1.6939,1.559,1.486,1.4622,0.7768,0.3893,0.3029,0.518,0.4341,0.3836,0.3534,0.337,0.3319,0.3319,0.338,0.3555,0.3873,0.44,0.5281,0.3019,0.4074,0.8561,7.4132,5.0169,5.082,8.646,9.8394,5.3743,4.9578,4.7353
41,600,2.373737716834234,-6.371363424049429,-0.1668,4.241028308868408,-6.259049892425537,1.8707,0.08304,0.093977,0.101963,0.03309,0.3008,True,0.002742,-0.005611,-0.000442,-0.05,4.6686,4.6688,4.3354,2.948,2.2862,1.9148,1.6916,1.5576,1.4852,1.462,0.7656,0.3861,0.3008,0.5162,0.4329,0.3828,0.3527,0.3366,0.3315,0.3315,0.3378,0.3554,0.3873,0.4403,0.5289,0.3023,0.4087,0.8649,7.4156,4.9909,5.0863,8.6412,9.8396,5.3685,4.9546,4.734
41,601,2.3739906146281267,-6.3725173679342095,-0.1646,4.241028308868408,-6.259049892425537,1.8705,0.082438,0.095201,0.099776,0.033522,0.3027,True,0.002426,0.009961,-0.000453,-0.05,4.6689,4.6694,4.3081,2.9361,2.2797,1.9108,1.6891,1.556,1.4843,1.4617,0.7538,0.3826,0.3096,0.5142,0.4315,0.3818,0.352,0.336,0.3311,0.3312,0.3375,0.3552,0.3873,0.4406,0.5297,0.3027,0.4101,0.8747,7.4183,4.9949,5.091,8.6379,9.8417,5.3623,4.9511,4.7327
41,602,2.37421604369185,-6.373555399788069,-0.1626,4.241028308868408,-6.259049892425537,1.8703,0.083964,0.094122,0.105325,0.033141,0.303,True,0.002017,0.001447,-0.000443,-0.05,4.6692,4.6697,4.2921,2.9291,2.2758,1.9085,1.6875,1.555,1.4838,1.4614,0.747,0.3806,0.3082,0.5131,0.4308,0.3813,0.3516,0.3357,0.3309,0.3309,0.3374,0.3552,0.3874,0.4408,0.5302,0.303,0.411,0.8807,7.42,4.9973,5.0938,8.6369,9.8438,5.3587,4.9491,4.7319
41,603,2.3744048744492208,-6.374434324415106,-0.1612,4.241028308868408,-6.259049892425537,1.8702,0.093699,0.109543,0.140722,0.038572,0.3036,True,0.002843,0.002735,-0.0006,-0.05,4.6696,4.6703,4.261,2.9154,2.2684,1.9039,1.6846,1.5532,1.4827,1.4611,0.7339,0.3766,0.3055,0.5108,0.4293,0.3802,0.3508,0.3351,0.3304,0.3305,0.3371,0.355,0.3874,0.4412,0.5311,0.3036,0.4126,0.8928,7.4046,5.002,5.0993,8.6367,9.8501,5.3516,4.9452,4.7304
41,604,2.3746742897601187,-6.375713583559145,-0.1588,4.241028308868408,-6.259049892425537,1.87,0.084956,0.094976,0.108932,0.033442,0.3034,True,0.002732,-0.000917,-0.000451,-0.05,4.67,4.6708,4.2378,2.9052,2.2628,1.9005,1.6825,1.5518,1.482,1.4608,0.7241,0.3736,0.3034,0.5091,0.4281,0.3794,0.3502,0.3346,0.3301,0.3302,0.3369,0.3549,0.3875,0.4415,0.5319,0.304,0.4139,0.9022,7.4068,5.0055,5.1035,8.6382,9.8568,5.3462,4.9422,4.7293
41,605,2.3749263727703402,-6.376821236298245,-0.1567,4.241028308868408,-6.259049892425537,1.8698,0.083157,0.09442,0.102389,0.033247,0.3012,True,0.002429,-0.011236,-0.000446,-0.05,4.6704,4.6714,4.2129,2.8942,2.2567,1.8968,1.6802,1.5504,1.4812,1.4606,0.7137,0.3704,0.3012,0.5072,0.4269,0.3785,0.3495,0.3341,0.3297,0.3298,0.3366,0.3548,0.3875,0.4418,0.5327,0.3044,0.4153,0.9127,7.4093,5.0094,5.1081,8.6414,9.851,5.3404,4.9391,4.7281
41,606,2.3751505452256567,-6.3777980930015925,-0.1548,4.241028308868408,-6.259049892425537,1.8697,0.084505,0.092806,0.10729,0.032678,0.3047,True,0.001871,0.017937,-0.000431,-0.05,4.6706,4.6718,4.198,2.8876,2.2531,1.8946,1.6787,1.5495,1.4807,1.4604,0.7077,0.3685,0.3113,0.5061,0.4261,0.3779,0.3491,0.3338,0.3294,0.3296,0.3365,0.3547,0.3876,0.442,0.5331,0.3047,0.4162,0.9192,7.4108,5.0118,5.111,8.6442,9.8481,5.3369,4.9372,4.7274
47,244,-1.767647967109557,0.299005028271933,2.2714,-3.2814931869506836,2.3913395404815674,2.5826,0.144839,0.45553,0.326686,0.160398,0.3138,True,0.017098,0.024592,-0.010375,-0.05,6.5414,3.4145,7.198,10.1148,9.9284,2.6464,1.519,1.0194,0.7851,0.7245,0.3138,0.4549,0.5479,0.5891,0.5642,0.4901,0.3168,2.6558,3.0067,3.5906,4.6314,5.9763,5.8736,2.8088,2.7843,6.2668,5.5159,4.6112,4.0682,3.7418,3.7034,3.6055,3.6056,8.653,9.0876,7.719
47,245,-1.771239333938622,0.2978166637093317,2.2641,-3.2814931869506836,2.3913395404815674,2.5814,0.13602,0.414974,0.294618,0.146118,0.3082,True,0.01633,-0.027667,-0.00861,-0.05,6.5799,3.4309,7.1538,10.0335,9.931,2.6456,1.5459,1.03,0.7904,0.7286,0.319,0.4523,0.5464,0.5882,0.5646,0.4917,0.3082,2.6453,2.9898,3.5623,4.579,5.9823,5.8729,2.8181,2.7844,6.2507,5.5601,4.6374,4.0843,3.7514,3.7044,3.6063,3.606,8.6434,9.0666,7.7811
47,246,-1.7745858988675915,0.29674752438794616,2.2575,-3.2814931869506836,2.3913395404815674,2.5803,0.138377,0.42095,0.303187,0.148222,0.3011,True,0.017031,-0.035438,-0.00886,-0.05,6.6232,3.4198,3.7151,9.8499,9.9344,2.6504,1.5768,1.0421,0.7964,0.7274,0.3275,0.4496,0.5448,0.5872,0.565,0.4934,0.3011,2.634,2.9715,3.5319,4.5229,5.9892,5.8723,2.8314,2.7819,6.2334,5.6098,4.6668,4.1024,3.7623,3.714,8.5085,3.6067,8.6333,9.044,7.851
47,247,-1.7780296709145558,0.2956714604320816,2.2508,-3.2814931869506836,2.3913395404815674,2.5792,0.139948,0.389877,0.308902,0.13728,0.3893,False,0.016668,0.25,-0.0076,0.0,6.6611,3.4238,3.6791,9.6978,9.9378,2.6497,1.6045,1.0528,0.8016,0.725,0.3899,0.4472,0.5434,0.5864,0.5654,0.4948,0.3893,2.6245,2.9561,3.5063,4.4758,5.9954,5.872,2.8458,2.7811,6.2188,5.6535,4.6926,4.1183,3.7718,3.7001,8.5103,3.6073,8.625,9.0251,7.9124
47,248,-1.7813537384823839,0.2946569015297826,2.2444,-3.2814931869506836,2.3913395404815674,2.5781,0.145672,0.401169,0.329716,0.141257,0.3187,False,0.018997,-0.25,-0.008047,0.0,6.71,3.4416,3.6347,9.5124,9.9425,2.6489,1.641,1.0667,0.8084,0.7283,0.3847,0.4442,0.5416,0.5854,0.5658,0.4965,0.3187,2.6126,2.937,3.4745,4.4179,6.0035,5.872,2.8698,2.7797,6.2007,5.71,4.7258,4.1387,3.7842,3.7105,8.513,3.6079,8.615,9.0017,7.9918
47,249,-1.7850897232438778,0.2935443259536527,2.2371,-3.2814931869506836,2.3913395404815674,2.5768,0.140804,0.383652,0.312015,0.135089,0.3008,True,0.017156,-0.089663,-0.007359,-0.05,6.7492,3.4183,3.6008,9.3721,9.9466,2.6537,1.6711,1.0779,0.8139,0.7314,0.3008,0.4418,0.5402,0.5845,0.5661,0.4978,0.3095,2.6034,2.9222,3.4501,4.3735,6.0102,5.8723,2.8956,2.7783,6.1868,5.7555,4.7525,4.1551,3.7941,3.7028,8.5155,3.6086,8.6075,8.9838,8.0557
47,250,-1.7884194222642464,0.2925765912058934,2.2307,-3.2814931869506836,2.3913395404815674,2.5757,0.146871,0.396224,0.334075,0.139515,0.3007,True,0.020642,-0.000152,-0.00785,-0.05,6.8018,3.4386,3.5574,9.1945,9.9525,2.6528,1.7125,1.0931,0.8212,0.7282,0.3044,0.4386,0.5383,0.5834,0.5665,0.4995,0.3007,2.5916,2.9032,3.4186,4.3167,6.0194,5.8729,2.9521,2.7779,6.169,5.8167,4.7882,4.1771,3.8074,3.7074,8.5193,3.6093,8.5982,8.9609,8.1416
47,251,-1.7923393319747423,0.29148029901708294,2.2231,-3.2814931869506836,2.3913395404815674,2.5743,0.152139,0.41829,0.353233,0.147285,0.3083,True,0.019503,0.037854,-0.008748,-0.05,6.8479,3.4288,3.5211,9.0478,9.9581,2.6685,1.7499,1.1066,0.8276,0.7278,0.3083,0.4358,0.5367,0.5824,0.5668,0.501,0.3852,2.5816,2.8871,3.3922,4.2693,6.0054,5.8738,5.8637,2.7757,6.1541,5.8707,4.8196,4.1964,3.8191,3.7168,8.523,3.61,8.5906,8.9418,8.2172
47,252,-1.7960403794772266,0.29045270288568276,2.216,-3.2814931869506836,2.3913395404815674,2.573,0.174073,0.48756,0.432992,0.171676,0.3145,True,0.02323,0.030973,-0.011886,-0.05,6.9075,3.4373,3.4767,8.8695,9.9658,2.8872,1.7998,1.1242,0.8359,0.7335,0.3145,0.4322,0.5346,0.5811,0.5672,0.5027,0.3166,2.5692,2.8673,3.3595,4.211,5.881,5.8752,5.8619,2.7754,6.1357,5.9407,4.8602,4.2213,3.8343,3.7064,8.5282,3.6109,8.5816,8.9184,8.3153
47,253,-1.8003263797112976,0.2893229910299439,2.2077,-3.2814931869506836,2.3913395404815674,2.5714,0.176934,0.498068,0.443398,0.175376,0.3052,True,0.022069,-0.046318,-0.012404,-0.05,6.9602,3.4567,3.4393,8.7215,9.9731,3.109,1.8456,1.14,0.8433,0.7307,0.3235,0.429,0.5328,0.5799,0.5675,0.5042,0.3052,2.5818,2.8504,3.3319,4.162,5.7777,5.8769,5.8605,2.773,6.1204,6.003,4.8962,4.2434,3.8478,3.7166,8.5333,3.6116,8.5744,8.8987,8.4024
47,254,-1.8043866104832673,0.28826546348578697,2.1999,-3.2814931869506836,2.3913395404815674,2.57,0.17111,0.465905,0.42222,0.164051,0.3779,False,0.023771,0.25,-0.010853,0.0,7.0231,3.4797,3.4378,8.5562,9.9823,3.4158,1.9021,1.1591,0.8522,0.7298,0.3831,0.4253,0.5306,0.5786,0.5678,0.5058,0.3779,2.5693,2.8313,3.3006,4.1067,5.6624,5.8792,5.8588,2.7725,2.9441,6.0774,4.9391,4.2696,3.8639,3.7063,8.5397,3.6126,8.5666,8.8766,8.5067
47,255,-1.8086697438480757,0.2871977557524209,2.1917,-3.2814931869506836,2.3913395404815674,2.5684,0.1323,0.289813,0.281092,0.102047,0.3783,False,0.021045,0.002081,-0.0042,0.0,7.0743,3.4985,3.4525,8.4292,9.9901,3.7097,1.9499,1.1748,0.8594,0.7344,0.3783,0.4222,0.5289,0.5775,0.568,0.5071,0.3843,2.5769,2.8163,3.2761,4.0637,5.5738,5.8814,5.8574,2.7704,2.8915,6.1386,4.9741,4.2911,3.877,3.7158,8.5454,3.6132,8.5609,8.8596,8.5921
47,256,-1.8124044368719159,0.2862992265195178,2.1845,-3.2814931869506836,2.3913395404815674,2.567,0.14268,0.318359,0.318838,0.112098,0.3113,False,0.021161,-0.25,-0.005068,0.0,7.1317,3.5195,3.434,8.2949,9.9992,6.309,2.0054,1.1926,0.8675,0.7331,0.3728,0.4188,0.527,0.5763,0.5682,0.5085,0.3113,2.5716,2.8002,3.2499,4.0179,5.4801,5.8841,5.8561,2.7695,2.8562,6.2072,5.0133,4.315,3.8917,3.7041,8.5521,3.6141,8.5551,8.8414,8.6881
47,257,-1.8161174440119814,0.28543128750079694,2.1774,-3.2814931869506836,2.3913395404815674,2.5656,0.115156,0.24346,0.218749,0.085726,0.3001,True,0.017731,-0.056291,-0.002964,-0.05,7.1745,3.535,3.4482,8.1999,10.0063,6.309,2.0482,1.2061,0.8736,0.731,0.3001,0.4164,0.5256,0.5755,0.5683,0.5094,0.3033,2.5637,2.7886,3.2312,3.9852,5.4138,5.8863,5.8549,2.7688,2.8368,6.2586,5.0425,4.3328,3.9027,3.7116,8.5572,3.6147,8.5512,8.8286,8.7599
47,258,-1.8191966515542846,0.28473080385737193,2.1715,-3.2814931869506836,2.3913395404815674,2.5644,0.11903,0.248327,0.232835,0.087439,0.3029,True,0.014597,0.01415,-0.003083,-0.05,7.2173,3.5506,3.451,8.1087,10.0135,6.3075,2.0922,1.2197,0.8797,0.7322,0.3029,0.4139,0.5243,0.5746,0.5685,0.5103,0.371,2.5739,2.7774,3.213,3.9536,5.3502,5.8887,5.8538,2.7672,2.8211,6.3101,5.0717,4.3506,3.9136,3.7191,8.5626,3.6152,8.5476,8.8162,8.8319
47,259,-1.8217140339964737,0.28416932003823003,2.1668,-3.2814931869506836,2.3913395404815674,2.5634,0.106667,0.20709,0.187879,0.072919,0.3045,True,0.012694,0.007785,-0.002144,-0.05,7.2438,3.5603,3.4346,8.0542,10.0182,6.309,2.1202,1.2282,0.8835,0.7345,0.3045,0.4127,0.5236,0.5742,0.5685,0.5108,0.3737,2.5742,2.7707,3.2021,3.9347,5.3123,5.89,5.8532,2.7666,2.8126,6.3419,5.0896,4.3615,3.9203,3.7017,8.566,3.6155,8.5455,8.8088,8.8766
47,260,-1.8238949632307804,0.28368896874971256,2.1628,-3.2814931869506836,2.3913395404815674,2.5626,0.118502,0.240876,0.230915,0.084815,0.3084,True,0.016347,0.019685,-0.002901,-0.05,7.2907,3.5774,3.4448,7.9609,10.0265,6.3157,2.171,1.2434,0.8902,0.7369,0.3084,0.41,0.5221,0.5732,0.5686,0.5117,0.3792,2.5658,2.7591,3.1831,3.902,5.2472,5.8928,5.852,2.7668,2.8,6.3988,5.1216,4.381,3.9323,3.7095,8.5722,3.6163,8.5422,8.7961,8.956
47,261,-1.8266683208737469,0.2830976092657699,2.1576,-3.2814931869506836,2.3913395404815674,2.5615,0.112222,0.221819,0.208078,0.078105,0.3117,True,0.014144,0.016377,-0.00246,-0.05,7.3233,3.5892,3.455,7.8984,10.0323,6.3237,2.2072,1.254,0.8949,0.7353,0.3117,0.4082,0.5211,0.5726,0.5687,0.5123,0.3825,0.3249,2.7512,3.1704,3.88,5.2036,5.8949,5.8511,2.7652,2.7926,6.4091,5.1439,4.3945,3.9407,3.7149,8.5766,3.6166,8.54,8.7877,9.0113
47,262,-1.8290454267046914,0.2826040648981485,2.1531,-3.2814931869506836,2.3913395404815674,2.5605,0.114857,0.233369,0.217662,0.082172,0.3097,True,0.014531,-0.009995,-0.002723,-0.05,7.3668,3.6049,3.4506,7.8177,10.0403,6.3388,2.2571,1.2684,0.9011,0.7333,0.3179,0.4057,0.5198,0.5717,0.5688,0.5131,0.3866,0.3097,2.7409,3.1537,3.8514,5.1473,5.8977,5.8502,2.764,2.7842,6.3932,5.1737,4.4126,3.9518,3.7011,8.5826,3.6172,8.5374,8.7767,9.0855
47,263,-1.831470027576409,0.2821115614914266,2.1485,-3.2814931869506836,2.3913395404815674,2.5596,0.108672,0.215434,0.195172,0.075857,0.3053,True,0.012876,-0.021816,-0.002321,-0.05,7.3944,3.6149,3.436,7.7685,10.0455,6.3514,2.2895,1.2776,0.9052,0.7322,0.3235,0.4044,0.5191,0.5713,0.5688,0.5135,0.3885,0.3053,2.7346,3.1436,3.834,5.1131,5.8994,5.8496,2.7636,2.7795,6.3833,5.1923,4.4239,3.9588,3.7047,8.5864,3.6175,8.5359,8.77,9.1325
47,264,-1.833618090368033,0.281677522017944,2.1446,-3.2814931869506836,2.3913395404815674,2.5587,0.114264,0.228161,0.215507,0.080338,0.363,False,0.013007,0.25,-0.002603,0.0,7.4346,3.6294,3.448,7.6986,10.053,6.3749,2.3378,1.291,0.9109,0.7352,0.3788,0.4022,0.5179,0.5705,0.5688,0.5142,0.3918,0.363,2.7256,3.129,3.809,5.0643,5.9022,5.8485,2.7636,2.7738,6.3693,5.2198,4.4405,3.969,3.711,8.5922,3.6182,8.5339,8.7606,9.2012
47,265,-1.8357722995864878,0.2812517832838666,2.1407,-3.2814931869506836,2.3913395404815674,2.5578,0.111685,0.227886,0.206128,0.080242,0.3656,False,0.012774,0.013075,-0.002597,0.0,7.4612,3.6391,3.4561,7.6538,10.0582,6.395,2.3708,1.3001,0.9149,0.7373,0.3774,0.4011,0.5174,0.5701,0.5689,0.5146,0.3932,0.3656,2.7198,3.1197,3.7931,5.0332,5.9039,5.8477,2.7623,2.7704,6.3601,5.2378,4.4513,3.9757,3.7152,8.596,3.6184,8.5326,8.7545,9.2468
47,266,-1.8378907188897848,0.28083363407073914,2.1369,-3.2814931869506836,2.3913395404815674,2.557,0.114023,0.223458,0.214629,0.078682,0.3706,False,0.013576,0.025108,-0.002497,0.0,7.5033,3.6543,3.4625,7.5848,10.0664,6.4385,2.4242,1.3145,0.921,0.7389,0.3744,0.3988,0.5162,0.5693,0.5689,0.5152,0.3962,0.3706,2.7107,3.105,3.7682,4.985,5.907,5.8468,2.761,2.7662,6.3461,5.2665,4.4687,3.9865,3.7097,8.6023,3.6189,8.5309,8.7452,9.2606
47,267,-1.8401151448153963,0.2804096351911246,2.1328,-3.2814931869506836,2.3913395404815674,2.5561,0.107548,0.204743,0.191083,0.072093,0.3726,False,0.012939,0.009636,-0.002096,0.0,7.5314,3.6644,3.4468,7.5401,10.0719,6.4855,2.4608,1.3242,0.9251,0.7377,0.3726,0.3974,0.5155,0.5689,0.5689,0.5156,0.3979,0.3732,2.7049,3.0956,3.7521,4.954,5.909,5.8462,2.7606,2.7638,6.337,5.2856,4.4802,3.9936,3.7043,3.879,3.6192,8.5298,8.7392,9.2485
47,268,-1.84221399567949,0.28002193228509414,2.129,-3.2814931869506836,2.3913395404815674,2.5552,0.117605,0.278092,0.227654,0.09792,0.3701,True,0.010582,-0.012149,-0.003867,-0.05,7.5658,3.6768,3.4457,7.4869,10.0788,9.9547,2.5067,1.3361,0.9301,0.7363,0.3701,0.3956,0.5145,0.5682,0.5689,0.5161,0.4,0.3764,2.6978,3.0842,3.7328,4.9168,5.9116,5.8454,2.7607,2.7615,6.3261,5.309,4.4943,4.0023,3.7094,3.829,3.6197,8.5287,8.7321,9.2342
47,269,-1.8439458165509648,0.279695766139156,2.1258,-3.2814931869506836,2.3913395404815674,2.5545,0.091192,0.20444,0.131606,0.071986,0.3685,True,0.011384,-0.008158,-0.00209,-0.05,7.5909,6.3966,3.4528,7.449,10.0838,9.9554,2.5411,1.3449,0.9338,0.7354,0.3685,0.3945,0.514,0.5679,0.569,0.5164,0.4013,0.3783,2.6928,3.0761,3.7191,4.8905,5.9134,5.8447,2.761,2.7601,6.3182,5.326,4.5045,4.0086,3.7131,3.7937,3.6201,8.528,8.727,9.2239
47,270,-1.8457703265375645,0.279372458569822,2.1225,-3.2814931869506836,2.3913395404815674,2.5538,0.090264,0.174517,0.128234,0.06145,0.3151,True,0.007414,-0.25,-0.001523,-0.05,7.6159,6.4117,3.4599,7.4119,10.0888,9.956,2.576,1.3537,0.9375,0.7343,0.3665,0.3931,0.5132,0.5674,0.569,0.5168,0.4029,0.3151,2.6878,3.0681,3.7055,4.8646,5.9154,5.8442,2.7617,2.7591,6.3106,5.3432,4.5149,4.015,3.7169,3.7594,3.6203,3.6233,8.7221,9.2138
47,271,-1.8469533641628846,0.2791661533470524,2.1203,-3.2814931869506836,2.3913395404815674,2.5533,0.075627,0.123325,0.075006,0.043424,0.309,True,0.011213,-0.030321,-0.00076,-0.05,7.6414,6.427,3.4672,7.3749,10.094,9.9567,2.6124,1.3628,0.9413,0.7361,0.3647,0.3918,0.5126,0.567,0.569,0.5172,0.4042,0.309,2.6828,3.0601,3.6919,4.8388,5.9174,5.8436,2.7626,2.7583,6.3029,5.3605,4.5253,4.0214,3.7207,3.7254,3.6206,3.6232,8.7172,9.2037
47,272,-1.848739511415446,0.2788573199654599,2.1171,-3.2814931869506836,2.3913395404815674,2.5525,0.078173,0.128832,0.084264,0.045363,0.3052,True,0.005174,-0.018803,-0.00083,-0.05,7.6605,6.4384,3.4671,7.3477,10.0979,9.9571,2.64,1.3695,0.944,0.7374,0.3631,0.3908,0.5121,0.5666,0.569,0.5174,0.4053,0.3052,2.6791,3.0542,3.682,4.8198,5.9189,5.8432,2.7635,2.7579,6.2973,5.3735,4.5331,4.0263,3.7236,3.7019,3.6208,3.6231,8.7136,9.1963
47,273,-1.8495814704385392,0.278703182346914,2.1155,-3.2814931869506836,2.3913395404815674,2.5522,0.074969,0.118698,0.072614,0.041795,0.3021,True,0.011283,-0.015705,-0.000704,-0.05,7.6854,6.4534,3.4539,7.3129,10.1031,9.9576,2.6736,1.3785,0.9478,0.7393,0.3615,0.3897,0.5116,0.5663,0.569,0.5177,0.4063,0.3021,2.6745,3.0467,3.6693,4.7957,5.9209,5.8426,2.7648,2.7576,6.29,5.3904,4.5432,4.0325,3.7273,3.7053,3.6211,3.6231,8.709,9.1868
